10,0,35,35,70,7029.6,6675.2,6320.8,5966.4,5612.0,5257.6,4903.2,4548.8,4194.4,3840.0,3485.6,3131.2,2776.8,2422.4,2068.0,1943.2,1818.4,1693.6,1568.8,1444.0,1316.6,1189.2,1061.8,934.4,807.0,757.0,707.0,657.0,607.0,557.0,521.6,486.2,450.8,415.4,380.0,358.2,336.4,314.6,292.8,271.0,9544.6,9049.2,8553.8,8058.4,7563.0,7067.6,6572.2,6076.8,5581.4,5086.0,4590.6,4095.2,3599.8,3104.4,2609.0,2401.8,2194.6,1987.4,1780.2,1573.0,1454.0,1335.0,1216.0,1097.0,978.0,917.8,857.6,797.4,737.2,677.0,634.2,591.4,548.6,505.8,463.0,436.2,409.4,382.6,355.8,329.0
10,0,35,35,120,6925.2,6579.4,6233.6,5887.8,5542.0,5196.2,4850.4,4504.6,4158.8,3813.0,3467.2,3121.4,2775.6,2429.8,2084.0,1922.4,1760.8,1599.2,1437.6,1276.0,1182.8,1089.6,996.4,903.2,810.0,731.8,653.6,575.4,497.2,419.0,390.2,361.4,332.6,303.8,275.0,256.6,238.2,219.8,201.4,183.0,9539.6,9036.2,8532.8,8029.4,7526.0,7022.6,6519.2,6015.8,5512.4,5009.0,4505.6,4002.2,3498.8,2995.4,2492.0,2275.6,2059.2,1842.8,1626.4,1410.0,1297.4,1184.8,1072.2,959.6,847.0,794.2,741.4,688.6,635.8,583.0,546.2,509.4,472.6,435.8,399.0,376.6,354.2,331.8,309.4,287.0
10,0,45,45,70,6032.8,5742.6,5452.4,5162.2,4872.0,4581.8,4291.6,4001.4,3711.2,3421.0,3130.8,2840.6,2550.4,2260.2,1970.0,1825.0,1680.0,1535.0,1390.0,1245.0,1161.8,1078.6,995.4,912.2,829.0,774.4,719.8,665.2,610.6,556.0,512.2,468.4,424.6,380.8,337.0,325.2,313.4,301.6,289.8,278.0,8726.2,8274.4,7822.6,7370.8,6919.0,6467.2,6015.4,5563.6,5111.8,4660.0,4208.2,3756.4,3304.6,2852.8,2401.0,2200.8,2000.6,1800.4,1600.2,1400.0,1307.4,1214.8,1122.2,1029.6,937.0,875.4,813.8,752.2,690.6,629.0,582.4,535.8,489.2,442.6,396.0,379.2,362.4,345.6,328.8,312.0
10,0,45,45,120,6015.8,5716.6,5417.4,5118.2,4819.0,4519.8,4220.6,3921.4,3622.2,3323.0,3023.8,2724.6,2425.4,2126.2,1827.0,1685.6,1544.2,1402.8,1261.4,1120.0,1048.0,976.0,904.0,832.0,760.0,709.4,658.8,608.2,557.6,507.0,482.2,457.4,432.6,407.8,383.0,354.4,325.8,297.2,268.6,240.0,8972.0,8497.0,8022.0,7547.0,7072.0,6597.0,6122.0,5647.0,5172.0,4697.0,4222.0,3747.0,3272.0,2797.0,2322.0,2116.6,1911.2,1705.8,1500.4,1295.0,1199.4,1103.8,1008.2,912.6,817.0,768.8,720.6,672.4,624.2,576.0,547.4,518.8,490.2,461.6,433.0,404.4,375.8,347.2,318.6,290.0
10,0,55,55,70,7247.4,6885.8,6524.2,6162.6,5801.0,5439.4,5077.8,4716.2,4354.6,3993.0,3631.4,3269.8,2908.2,2546.6,2185.0,2018.6,1852.2,1685.8,1519.4,1353.0,1243.2,1133.4,1023.6,913.8,804.0,756.6,709.2,661.8,614.4,567.0,533.2,499.4,465.6,431.8,398.0,374.0,350.0,326.0,302.0,278.0,9419.4,8920.8,8422.2,7923.6,7425.0,6926.4,6427.8,5929.2,5430.6,4932.0,4433.4,3934.8,3436.2,2937.6,2439.0,2231.6,2024.2,1816.8,1609.4,1402.0,1299.0,1196.0,1093.0,990.0,887.0,834.0,781.0,728.0,675.0,622.0,585.2,548.4,511.6,474.8,438.0,416.8,395.6,374.4,353.2,332.0
10,0,55,55,120,5565.4,5286.8,5008.2,4729.6,4451.0,4172.4,3893.8,3615.2,3336.6,3058.0,2779.4,2500.8,2222.2,1943.6,1665.0,1533.8,1402.6,1271.4,1140.2,1009.0,935.6,862.2,788.8,715.4,642.0,606.0,570.0,534.0,498.0,462.0,434.8,407.6,380.4,353.2,326.0,308.6,291.2,273.8,256.4,239.0,8193.0,7760.0,7327.0,6894.0,6461.0,6028.0,5595.0,5162.0,4729.0,4296.0,3863.0,3430.0,2997.0,2564.0,2131.0,1939.0,1747.0,1555.0,1363.0,1171.0,1075.6,980.2,884.8,789.4,694.0,654.8,615.6,576.4,537.2,498.0,470.4,442.8,415.2,387.6,360.0,342.0,324.0,306.0,288.0,270.0
10,0,65,65,70,5886.8,5597.6,5308.4,5019.2,4730.0,4440.8,4151.6,3862.4,3573.2,3284.0,2994.8,2705.6,2416.4,2127.2,1838.0,1695.0,1552.0,1409.0,1266.0,1123.0,1026.8,930.6,834.4,738.2,642.0,615.0,588.0,561.0,534.0,507.0,458.2,409.4,360.6,311.8,263.0,244.8,226.6,208.4,190.2,172.0,8711.6,8250.2,7788.8,7327.4,6866.0,6404.6,5943.2,5481.8,5020.4,4559.0,4097.6,3636.2,3174.8,2713.4,2252.0,2055.0,1858.0,1661.0,1464.0,1267.0,1169.6,1072.2,974.8,877.4,780.0,732.2,684.4,636.6,588.8,541.0,509.8,478.6,447.4,416.2,385.0,365.2,345.4,325.6,305.8,286.0
10,0,65,65,120,5559.4,5277.8,4996.2,4714.6,4433.0,4151.4,3869.8,3588.2,3306.6,3025.0,2743.4,2461.8,2180.2,1898.6,1617.0,1487.8,1358.6,1229.4,1100.2,971.0,901.8,832.6,763.4,694.2,625.0,587.6,550.2,512.8,475.4,438.0,410.8,383.6,356.4,329.2,302.0,284.2,266.4,248.6,230.8,213.0,8467.8,8013.6,7559.4,7105.2,6651.0,6196.8,5742.6,5288.4,4834.2,4380.0,3925.8,3471.6,3017.4,2563.2,2109.0,1915.8,1722.6,1529.4,1336.2,1143.0,1050.4,957.8,865.2,772.6,680.0,636.0,592.0,548.0,504.0,460.0,434.0,408.0,382.0,356.0,330.0,313.0,296.0,279.0,262.0,245.0
10,0,45,65,70,6359.8,6044.6,5729.4,5414.2,5099.0,4783.8,4468.6,4153.4,3838.2,3523.0,3207.8,2892.6,2577.4,2262.2,1947.0,1793.4,1639.8,1486.2,1332.6,1179.0,1091.0,1003.0,915.0,827.0,739.0,683.4,627.8,572.2,516.6,461.0,426.0,391.0,356.0,321.0,286.0,265.2,244.4,223.6,202.8,182.0,8495.4,8050.8,7606.2,7161.6,6717.0,6272.4,5827.8,5383.2,4938.6,4494.0,4049.4,3604.8,3160.2,2715.6,2271.0,2076.0,1881.0,1686.0,1491.0,1296.0,1197.2,1098.4,999.6,900.8,802.0,753.6,705.2,656.8,608.4,560.0,526.8,493.6,460.4,427.2,394.0,373.0,352.0,331.0,310.0,289.0
10,0,45,65,120,5641.0,5356.0,5071.0,4786.0,4501.0,4216.0,3931.0,3646.0,3361.0,3076.0,2791.0,2506.0,2221.0,1936.0,1651.0,1521.4,1391.8,1262.2,1132.6,1003.0,931.8,860.6,789.4,718.2,647.0,608.2,569.4,530.6,491.8,453.0,422.0,391.0,360.0,329.0,298.0,282.2,266.4,250.6,234.8,219.0,8626.2,8162.4,7698.6,7234.8,6771.0,6307.2,5843.4,5379.6,4915.8,4452.0,3988.2,3524.4,3060.6,2596.8,2133.0,1943.2,1753.4,1563.6,1373.8,1184.0,1087.6,991.2,894.8,798.4,702.0,656.6,611.2,565.8,520.4,475.0,446.6,418.2,389.8,361.4,333.0,315.8,298.6,281.4,264.2,247.0
14,0,35,35,70,8094.2,7700.4,7306.6,6912.8,6519.0,6125.2,5731.4,5337.6,4943.8,4550.0,4156.2,3762.4,3368.6,2974.8,2581.0,2379.6,2178.2,1976.8,1775.4,1574.0,1452.0,1330.0,1208.0,1086.0,964.0,906.4,848.8,791.2,733.6,676.0,629.0,582.0,535.0,488.0,441.0,415.4,389.8,364.2,338.6,313.0,10497.8,9954.6,9411.4,8868.2,8325.0,7781.8,7238.6,6695.4,6152.2,5609.0,5065.8,4522.6,3979.4,3436.2,2893.0,2652.6,2412.2,2171.8,1931.4,1691.0,1566.8,1442.6,1318.4,1194.2,1070.0,1004.0,938.0,872.0,806.0,740.0,694.6,649.2,603.8,558.4,513.0,483.6,454.2,424.8,395.4,366.0
14,0,35,35,120,8059.6,7658.2,7256.8,6855.4,6454.0,6052.6,5651.2,5249.8,4848.4,4447.0,4045.6,3644.2,3242.8,2841.4,2440.0,2249.2,2058.4,1867.6,1676.8,1486.0,1378.8,1271.6,1164.4,1057.2,950.0,891.4,832.8,774.2,715.6,657.0,614.0,571.0,528.0,485.0,442.0,415.4,388.8,362.2,335.6,309.0,10816.8,10249.6,9682.4,9115.2,8548.0,7980.8,7413.6,6846.4,6279.2,5712.0,5144.8,4577.6,4010.4,3443.2,2876.0,2628.0,2380.0,2132.0,1884.0,1636.0,1505.6,1375.2,1244.8,1114.4,984.0,920.6,857.2,793.8,730.4,667.0,626.6,586.2,545.8,505.4,465.0,439.6,414.2,388.8,363.4,338.0
14,0,45,45,70,8488.9,8046.8,7604.7,7162.6,6720.5,6278.4,5836.3,5394.2,4952.1,4510.0,4067.9,3625.8,3183.7,2741.6,2299.5,2116.5,1933.5,1750.5,1567.5,1384.5,1274.5,1164.5,1054.5,944.5,834.5,788.1,741.7,695.3,648.9,602.5,558.0,513.5,469.0,424.5,380.0,357.8,335.6,313.4,291.2,269.0,10419.2,9868.9,9318.6,8768.3,8218.0,7667.7,7117.4,6567.1,6016.8,5466.5,4916.2,4365.9,3815.6,3265.3,2715.0,2488.8,2262.6,2036.4,1810.2,1584.0,1459.4,1334.8,1210.2,1085.6,961.0,903.1,845.2,787.3,729.4,671.5,622.7,573.9,525.1,476.3,427.5,405.8,384.1,362.4,340.7,319.0
14,0,45,45,120,7264.4,6897.3,6530.1,6162.8,5795.6,5428.3,5061.1,4693.9,4326.7,3959.5,3592.3,3225.0,2857.8,2490.6,2123.4,1962.2,1801.1,1640.0,1478.8,1317.7,1220.2,1122.5,1024.9,927.4,829.8,777.4,725.0,672.6,620.1,567.7,521.1,474.5,427.8,381.2,334.5,317.1,299.7,282.2,264.8,247.3,9809.7,9292.4,8775.1,8257.8,7740.4,7223.1,6705.8,6188.5,5671.2,5153.8,4636.5,4119.2,3601.9,3084.5,2567.2,2352.8,2138.4,1924.1,1709.6,1495.2,1373.4,1251.6,1129.7,1007.9,886.0,828.7,771.3,714.0,656.6,599.2,559.0,518.8,478.5,438.3,398.1,386.1,374.1,362.2,350.2,338.2
14,0,50,50,70,8704.0,8232.0,7760.0,7288.0,6816.0,6344.0,5872.0,5400.0,4928.0,4456.0,3984.0,3512.0,3040.0,2568.0,2096.0,1924.0,1752.0,1580.0,1408.0,1236.0,1143.4,1050.8,958.2,865.6,773.0,730.2,687.4,644.6,601.8,559.0,518.8,478.6,438.4,398.2,358.0,338.8,319.6,300.4,281.2,262.0,10488.2,9930.4,9372.6,8814.8,8257.0,7699.2,7141.4,6583.6,6025.8,5468.0,4910.2,4352.4,3794.6,3236.8,2679.0,2455.0,2231.0,2007.0,1783.0,1559.0,1435.6,1312.2,1188.8,1065.4,942.0,885.2,828.4,771.6,714.8,658.0,603.8,549.6,495.4,441.2,387.0,368.0,349.0,330.0,311.0,292.0
14,0,50,50,120,6936.2,6587.3,6238.2,5889.2,5540.3,5191.2,4842.2,4493.3,4144.3,3795.2,3446.3,3097.3,2748.2,2399.3,2050.3,1897.8,1745.2,1592.7,1440.1,1287.6,1194.4,1101.2,1008.0,914.8,821.6,767.9,714.1,660.3,606.5,552.7,496.9,440.9,385.0,329.1,273.2,259.9,246.6,233.3,220.0,206.7,9610.6,9104.8,8599.0,8093.1,7587.3,7081.5,6575.6,6069.9,5564.1,5058.2,4552.4,4046.6,3540.7,3034.9,2529.1,2320.9,2112.6,1904.4,1696.1,1487.9,1367.5,1247.1,1126.7,1006.3,885.9,825.9,765.9,706.0,645.9,586.0,544.1,502.4,460.6,418.8,377.1,373.9,370.6,367.4,364.2,361.0
14,0,60,60,70,6962.8,6617.6,6272.4,5927.2,5582.0,5236.8,4891.6,4546.4,4201.2,3856.0,3510.8,3165.6,2820.4,2475.2,2130.0,1969.4,1808.8,1648.2,1487.6,1327.0,1228.6,1130.2,1031.8,933.4,835.0,783.4,731.8,680.2,628.6,577.0,541.2,505.4,469.6,433.8,398.0,375.4,352.8,330.2,307.6,285.0,8987.8,8517.6,8047.4,7577.2,7107.0,6636.8,6166.6,5696.4,5226.2,4756.0,4285.8,3815.6,3345.4,2875.2,2405.0,2207.4,2009.8,1812.2,1614.6,1417.0,1311.2,1205.4,1099.6,993.8,888.0,835.0,782.0,729.0,676.0,623.0,585.0,547.0,509.0,471.0,433.0,409.8,386.6,363.4,340.2,317.0
14,0,60,60,120,5527.0,5251.0,4975.0,4699.0,4423.0,4147.0,3871.0,3595.0,3319.0,3043.0,2767.0,2491.0,2215.0,1939.0,1663.0,1539.0,1415.0,1291.0,1167.0,1043.0,969.4,895.8,822.2,748.6,675.0,634.8,594.6,554.4,514.2,474.0,445.2,416.4,387.6,358.8,330.0,310.2,290.4,270.6,250.8,231.0,8127.6,7706.2,7284.8,6863.4,6442.0,6020.6,5599.2,5177.8,4756.4,4335.0,3913.6,3492.2,3070.8,2649.4,2228.0,2033.4,1838.8,1644.2,1449.6,1255.0,1155.8,1056.6,957.4,858.2,759.0,713.0,667.0,621.0,575.0,529.0,498.4,467.8,437.2,406.6,376.0,356.0,336.0,316.0,296.0,276.0
14,0,35,65,70,7741.4,7356.8,6972.2,6587.6,6203.0,5818.4,5433.8,5049.2,4664.6,4280.0,3895.4,3510.8,3126.2,2741.6,2357.0,2177.6,1998.2,1818.8,1639.4,1460.0,1346.4,1232.8,1119.2,1005.6,892.0,836.8,781.6,726.4,671.2,616.0,564.2,512.4,460.6,408.8,357.0,343.8,330.6,317.4,304.2,291.0,9698.2,9194.4,8690.6,8186.8,7683.0,7179.2,6675.4,6171.6,5667.8,5164.0,4660.2,4156.4,3652.6,3148.8,2645.0,2422.4,2199.8,1977.2,1754.6,1532.0,1413.8,1295.6,1177.4,1059.2,941.0,883.4,825.8,768.2,710.6,653.0,612.2,571.4,530.6,489.8,449.0,425.8,402.6,379.4,356.2,333.0
14,0,35,65,120,7062.8,6697.6,6332.4,5967.2,5602.0,5236.8,4871.6,4506.4,4141.2,3776.0,3410.8,3045.6,2680.4,2315.2,1950.0,1787.4,1624.8,1462.2,1299.6,1137.0,1042.8,948.6,854.4,760.2,666.0,623.8,581.6,539.4,497.2,455.0,424.6,394.2,363.8,333.4,303.0,284.4,265.8,247.2,228.6,210.0,9908.2,9380.4,8852.6,8324.8,7797.0,7269.2,6741.4,6213.6,5685.8,5158.0,4630.2,4102.4,3574.6,3046.8,2519.0,2297.4,2075.8,1854.2,1632.6,1411.0,1292.4,1173.8,1055.2,936.6,818.0,762.0,706.0,650.0,594.0,538.0,503.2,468.4,433.6,398.8,364.0,344.0,324.0,304.0,284.0,264.0
10,0,40,40,70,6531.2,6208.9,5886.6,5564.3,5242.0,4919.7,4597.4,4275.1,3952.8,3630.5,3308.2,2985.9,2663.6,2341.3,2019.0,1884.1,1749.2,1614.3,1479.4,1344.5,1239.2,1133.9,1028.6,923.3,818.0,765.7,713.4,661.1,608.8,556.5,516.9,477.3,437.7,398.1,358.5,341.7,324.9,308.1,291.3,274.5,9135.4,8661.8,8188.2,7714.6,7241.0,6767.4,6293.8,5820.2,5346.6,4873.0,4399.4,3925.8,3452.2,2978.6,2505.0,2301.3,2097.6,1893.9,1690.2,1486.5,1380.7,1274.9,1169.1,1063.3,957.5,896.6,835.7,774.8,713.9,653.0,608.3,563.6,518.9,474.2,429.5,407.7,385.9,364.1,342.3,320.5
10,0,40,40,120,6470.5,6148.0,5825.5,5503.0,5180.5,4858.0,4535.5,4213.0,3890.5,3568.0,3245.5,2923.0,2600.5,2278.0,1955.5,1804.0,1652.5,1501.0,1349.5,1198.0,1115.4,1032.8,950.2,867.6,785.0,720.6,656.2,591.8,527.4,463.0,436.2,409.4,382.6,355.8,329.0,305.5,282.0,258.5,235.0,211.5,9255.8,8766.6,8277.4,7788.2,7299.0,6809.8,6320.6,5831.4,5342.2,4853.0,4363.8,3874.6,3385.4,2896.2,2407.0,2196.1,1985.2,1774.3,1563.4,1352.5,1248.4,1144.3,1040.2,936.1,832.0,781.5,731.0,680.5,630.0,579.5,546.8,514.1,481.4,448.7,416.0,390.5,365.0,339.5,314.0,288.5
10,0,50,50,70,6640.1,6314.2,5988.3,5662.4,5336.5,5010.6,4684.7,4358.8,4032.9,3707.0,3381.1,3055.2,2729.3,2403.4,2077.5,1921.8,1766.1,1610.4,1454.7,1299.0,1202.5,1106.0,1009.5,913.0,816.5,765.5,714.5,663.5,612.5,561.5,522.7,483.9,445.1,406.3,367.5,349.6,331.7,313.8,295.9,278.0,9072.8,8597.6,8122.4,7647.2,7172.0,6696.8,6221.6,5746.4,5271.2,4796.0,4320.8,3845.6,3370.4,2895.2,2420.0,2216.2,2012.4,1808.6,1604.8,1401.0,1303.2,1205.4,1107.6,1009.8,912.0,854.7,797.4,740.1,682.8,625.5,583.8,542.1,500.4,458.7,417.0,398.0,379.0,360.0,341.0,322.0
10,0,50,50,120,5790.6,5501.7,5212.8,4923.9,4635.0,4346.1,4057.2,3768.3,3479.4,3190.5,2901.6,2612.7,2323.8,2034.9,1746.0,1609.7,1473.4,1337.1,1200.8,1064.5,991.8,919.1,846.4,773.7,701.0,657.7,614.4,571.1,527.8,484.5,458.5,432.5,406.5,380.5,354.5,331.5,308.5,285.5,262.5,239.5,8582.5,8128.5,7674.5,7220.5,6766.5,6312.5,5858.5,5404.5,4950.5,4496.5,4042.5,3588.5,3134.5,2680.5,2226.5,2027.8,1829.1,1630.4,1431.7,1233.0,1137.5,1042.0,946.5,851.0,755.5,711.8,668.1,624.4,580.7,537.0,508.9,480.8,452.7,424.6,396.5,373.2,349.9,326.6,303.3,280.0
10,0,60,60,70,6567.1,6241.7,5916.3,5590.9,5265.5,4940.1,4614.7,4289.3,3963.9,3638.5,3313.1,2987.7,2662.3,2336.9,2011.5,1856.8,1702.1,1547.4,1392.7,1238.0,1135.0,1032.0,929.0,826.0,723.0,685.8,648.6,611.4,574.2,537.0,495.7,454.4,413.1,371.8,330.5,309.4,288.3,267.2,246.1,225.0,9065.5,8585.5,8105.5,7625.5,7145.5,6665.5,6185.5,5705.5,5225.5,4745.5,4265.5,3785.5,3305.5,2825.5,2345.5,2143.3,1941.1,1738.9,1536.7,1334.5,1234.3,1134.1,1033.9,933.7,833.5,783.1,732.7,682.3,631.9,581.5,547.5,513.5,479.5,445.5,411.5,391.0,370.5,350.0,329.5,309.0
10,0,60,60,120,5562.4,5282.3,5002.2,4722.1,4442.0,4161.9,3881.8,3601.7,3321.6,3041.5,2761.4,2481.3,2201.2,1921.1,1641.0,1510.8,1380.6,1250.4,1120.2,990.0,918.7,847.4,776.1,704.8,633.5,596.8,560.1,523.4,486.7,450.0,422.8,395.6,368.4,341.2,314.0,296.4,278.8,261.2,243.6,226.0,8330.4,7886.8,7443.2,6999.6,6556.0,6112.4,5668.8,5225.2,4781.6,4338.0,3894.4,3450.8,3007.2,2563.6,2120.0,1927.4,1734.8,1542.2,1349.6,1157.0,1063.0,969.0,875.0,781.0,687.0,645.4,603.8,562.2,520.6,479.0,452.2,425.4,398.6,371.8,345.0,327.5,310.0,292.5,275.0,257.5
14,0,40,40,70,8273.8,7861.6,7449.4,7037.2,6625.0,6212.8,5800.6,5388.4,4976.2,4564.0,4151.8,3739.6,3327.4,2915.2,2503.0,2309.0,2115.0,1921.0,1727.0,1533.0,1405.6,1278.2,1150.8,1023.4,896.0,846.0,796.0,746.0,696.0,646.0,597.2,548.4,499.6,450.8,402.0,376.8,351.6,326.4,301.2,276.0,10350.2,9807.4,9264.6,8721.8,8179.0,7636.2,7093.4,6550.6,6007.8,5465.0,4922.2,4379.4,3836.6,3293.8,2751.0,2522.6,2294.2,2065.8,1837.4,1609.0,1483.2,1357.4,1231.6,1105.8,980.0,921.0,862.0,803.0,744.0,685.0,641.6,598.2,554.8,511.4,468.0,443.6,419.2,394.8,370.4,346.0
14,0,40,40,120,7503.7,7122.9,6742.0,6361.1,5980.3,5599.4,5218.5,4837.7,4456.8,4075.9,3695.1,3314.2,2933.3,2552.4,2171.6,2003.9,1836.2,1668.5,1500.8,1333.1,1232.4,1131.6,1030.8,930.0,829.3,778.7,728.1,677.5,626.9,576.3,539.0,501.6,464.3,427.0,389.6,368.4,347.2,326.0,304.8,283.6,9900.3,9377.3,8854.2,8331.2,7808.1,7285.0,6762.0,6238.9,5715.9,5192.8,4669.8,4146.7,3623.7,3100.6,2577.5,2359.5,2141.4,1923.3,1705.2,1487.2,1365.2,1243.2,1121.2,999.2,877.2,822.9,768.7,714.4,660.1,605.9,567.5,529.2,490.8,452.5,414.1,393.9,373.7,353.5,333.3,313.1
14,0,55,55,70,7833.4,7424.8,7016.2,6607.6,6199.0,5790.4,5381.8,4973.2,4564.6,4156.0,3747.4,3338.8,2930.2,2521.6,2113.0,1946.7,1780.4,1614.1,1447.8,1281.5,1186.0,1090.5,995.0,899.5,804.0,756.8,709.6,662.4,615.2,568.0,530.0,492.0,454.0,416.0,378.0,357.1,336.2,315.3,294.4,273.5,9738.0,9224.0,8710.0,8196.0,7682.0,7168.0,6654.0,6140.0,5626.0,5112.0,4598.0,4084.0,3570.0,3056.0,2542.0,2331.2,2120.4,1909.6,1698.8,1488.0,1373.4,1258.8,1144.2,1029.6,915.0,860.1,805.2,750.3,695.4,640.5,594.4,548.3,502.2,456.1,410.0,388.9,367.8,346.7,325.6,304.5
14,0,55,55,120,6001.1,5700.2,5399.3,5098.4,4797.5,4496.6,4195.7,3894.8,3593.9,3293.0,2992.1,2691.2,2390.3,2089.4,1788.5,1655.3,1522.1,1388.9,1255.7,1122.5,1042.2,961.9,881.6,801.3,721.0,675.8,630.6,585.4,540.2,495.0,454.5,414.0,373.5,333.0,292.5,276.4,260.3,244.2,228.1,212.0,8549.7,8102.9,7656.1,7209.3,6762.5,6315.7,5868.9,5422.1,4975.3,4528.5,4081.7,3634.9,3188.1,2741.3,2294.5,2100.0,1905.5,1711.0,1516.5,1322.0,1216.2,1110.4,1004.6,898.8,793.0,742.0,691.0,640.0,589.0,538.0,503.2,468.4,433.6,398.8,364.0,352.5,341.0,329.5,318.0,306.5
14,0,65,65,70,6830.7,6485.7,6140.5,5795.4,5450.3,5105.2,4760.1,4415.0,4069.9,3724.8,3379.7,3034.6,2689.5,2344.4,1999.3,1846.8,1694.5,1542.0,1389.6,1237.2,1143.9,1050.7,957.6,864.3,771.1,723.0,675.0,626.9,578.9,530.8,497.4,464.1,430.6,397.2,363.8,343.3,322.9,302.6,282.0,261.7,8759.2,8298.4,7837.4,7376.6,6915.7,6454.8,5994.0,5533.1,5072.2,4611.3,4150.5,3689.5,3228.7,2767.8,2306.9,2113.7,1920.6,1727.4,1534.4,1341.2,1238.4,1135.6,1032.8,930.0,827.2,776.4,725.4,674.5,623.6,572.7,537.4,502.2,466.9,431.6,396.4,374.9,353.4,332.0,310.5,289.0
14,0,65,65,120,5797.0,5503.4,5209.8,4916.1,4622.5,4328.8,4035.2,3741.6,3447.9,3154.3,2860.6,2567.0,2273.4,1979.7,1686.1,1554.4,1422.8,1291.1,1159.4,1027.8,953.1,878.4,803.7,729.0,654.3,614.4,574.5,534.6,494.7,454.8,426.0,397.3,368.6,339.9,311.3,292.7,274.0,255.3,236.6,217.9,8219.8,7788.7,7357.6,6926.6,6495.4,6064.3,5633.3,5202.1,4771.1,4340.1,3908.9,3477.9,3046.8,2615.6,2184.6,1991.2,1797.9,1604.4,1411.0,1217.8,1119.4,1021.2,922.9,824.5,726.3,680.4,634.5,588.5,542.6,496.6,466.8,436.9,407.0,377.2,347.3,328.6,310.0,291.3,272.5,253.9
10,0,35,65,70,7193.2,6832.4,6471.6,6110.8,5750.0,5389.2,5028.4,4667.6,4306.8,3946.0,3585.2,3224.4,2863.6,2502.8,2142.0,1973.8,1805.6,1637.4,1469.2,1301.0,1199.4,1097.8,996.2,894.6,793.0,745.6,698.2,650.8,603.4,556.0,514.6,473.2,431.8,390.4,349.0,332.2,315.4,298.6,281.8,265.0,9439.4,8941.8,8444.2,7946.6,7449.0,6951.4,6453.8,5956.2,5458.6,4961.0,4463.4,3965.8,3468.2,2970.6,2473.0,2257.6,2042.2,1826.8,1611.4,1396.0,1286.4,1176.8,1067.2,957.6,848.0,794.6,741.2,687.8,634.4,581.0,544.8,508.6,472.4,436.2,400.0,377.6,355.2,332.8,310.4,288.0
10,0,35,65,120,5590.6,5316.2,5041.8,4767.4,4493.0,4218.6,3944.2,3669.8,3395.4,3121.0,2846.6,2572.2,2297.8,2023.4,1749.0,1609.8,1470.6,1331.4,1192.2,1053.0,976.8,900.6,824.4,748.2,672.0,631.4,590.8,550.2,509.6,469.0,439.6,410.2,380.8,351.4,322.0,303.2,284.4,265.6,246.8,228.0,8961.8,8481.6,8001.4,7521.2,7041.0,6560.8,6080.6,5600.4,5120.2,4640.0,4159.8,3679.6,3199.4,2719.2,2239.0,2055.2,1871.4,1687.6,1503.8,1320.0,1202.6,1085.2,967.8,850.4,733.0,686.4,639.8,593.2,546.6,500.0,468.6,437.2,405.8,374.4,343.0,324.6,306.2,287.8,269.4,251.0
8,0,35,35,70,4982.6,4773.2,4563.8,4354.4,4145.0,3935.6,3726.2,3516.8,3307.4,3098.0,2888.6,2679.2,2469.8,2260.4,2051.0,1898.6,1746.2,1593.8,1441.4,1289.0,1174.6,1060.2,945.8,831.4,717.0,680.8,644.6,608.4,572.2,536.0,506.2,476.4,446.6,416.8,387.0,363.6,340.2,316.8,293.4,270.0,8510.8,8066.6,7622.4,7178.2,6734.0,6289.8,5845.6,5401.4,4957.2,4513.0,4068.8,3624.6,3180.4,2736.2,2292.0,2105.4,1918.8,1732.2,1545.6,1359.0,1260.4,1161.8,1063.2,964.6,866.0,813.2,760.4,707.6,654.8,602.0,564.6,527.2,489.8,452.4,415.0,392.6,370.2,347.8,325.4,303.0
8,0,35,35,120,6895.0,6524.0,6153.0,5782.0,5411.0,5040.0,4669.0,4298.0,3927.0,3556.0,3185.0,2814.0,2443.0,2072.0,1701.0,1574.6,1448.2,1321.8,1195.4,1069.0,992.8,916.6,840.4,764.2,688.0,644.8,601.6,558.4,515.2,472.0,442.2,412.4,382.6,352.8,323.0,305.2,287.4,269.6,251.8,234.0,8482.6,8032.2,7581.8,7131.4,6681.0,6230.6,5780.2,5329.8,4879.4,4429.0,3978.6,3528.2,3077.8,2627.4,2177.0,1986.2,1795.4,1604.6,1413.8,1223.0,1122.8,1022.6,922.4,822.2,722.0,675.0,628.0,581.0,534.0,487.0,460.4,433.8,407.2,380.6,354.0,335.6,317.2,298.8,280.4,262.0
8,0,45,45,70,6154.6,5856.2,5557.8,5259.4,4961.0,4662.6,4364.2,4065.8,3767.4,3469.0,3170.6,2872.2,2573.8,2275.4,1977.0,1813.4,1649.8,1486.2,1322.6,1159.0,1079.0,999.0,919.0,839.0,759.0,715.4,671.8,628.2,584.6,541.0,510.2,479.4,448.6,417.8,387.0,367.0,347.0,327.0,307.0,287.0,8505.6,8061.2,7616.8,7172.4,6728.0,6283.6,5839.2,5394.8,4950.4,4506.0,4061.6,3617.2,3172.8,2728.4,2284.0,2090.4,1896.8,1703.2,1509.6,1316.0,1220.0,1124.0,1028.0,932.0,836.0,788.4,740.8,693.2,645.6,598.0,563.8,529.6,495.4,461.2,427.0,406.2,385.4,364.6,343.8,323.0
8,0,45,45,120,4851.4,4613.8,4376.2,4138.6,3901.0,3663.4,3425.8,3188.2,2950.6,2713.0,2475.4,2237.8,2000.2,1762.6,1525.0,1409.6,1294.2,1178.8,1063.4,948.0,884.6,821.2,757.8,694.4,631.0,594.8,558.6,522.4,486.2,450.0,423.4,396.8,370.2,343.6,317.0,300.6,284.2,267.8,251.4,235.0,8146.8,7709.6,7272.4,6835.2,6398.0,5960.8,5523.6,5086.4,4649.2,4212.0,3774.8,3337.6,2900.4,2463.2,2026.0,1845.4,1664.8,1484.2,1303.6,1123.0,1034.0,945.0,856.0,767.0,678.0,638.6,599.2,559.8,520.4,481.0,456.6,432.2,407.8,383.4,359.0,342.2,325.4,308.6,291.8,275.0
8,0,55,55,70,5495.4,5213.8,4932.2,4650.6,4369.0,4087.4,3805.8,3524.2,3242.6,2961.0,2679.4,2397.8,2116.2,1834.6,1553.0,1444.2,1335.4,1226.6,1117.8,1009.0,935.6,862.2,788.8,715.4,642.0,591.0,540.0,489.0,438.0,387.0,359.0,331.0,303.0,275.0,247.0,244.0,241.0,238.0,235.0,232.0,7507.8,7113.6,6719.4,6325.2,5931.0,5536.8,5142.6,4748.4,4354.2,3960.0,3565.8,3171.6,2777.4,2383.2,1989.0,1822.2,1655.4,1488.6,1321.8,1155.0,1068.2,981.4,894.6,807.8,721.0,679.6,638.2,596.8,555.4,514.0,485.4,456.8,428.2,399.6,371.0,351.6,332.2,312.8,293.4,274.0
8,0,55,55,120,4806.4,4561.8,4317.2,4072.6,3828.0,3583.4,3338.8,3094.2,2849.6,2605.0,2360.4,2115.8,1871.2,1626.6,1382.0,1276.4,1170.8,1065.2,959.6,854.0,794.2,734.4,674.6,614.8,555.0,522.6,490.2,457.8,425.4,393.0,369.2,345.4,321.6,297.8,274.0,258.8,243.6,228.4,213.2,198.0,8182.6,7737.2,7291.8,6846.4,6401.0,5955.6,5510.2,5064.8,4619.4,4174.0,3728.6,3283.2,2837.8,2392.4,1947.0,1770.8,1594.6,1418.4,1242.2,1066.0,976.8,887.6,798.4,709.2,620.0,579.4,538.8,498.2,457.6,417.0,395.4,373.8,352.2,330.6,309.0,294.6,280.2,265.8,251.4,237.0
8,0,65,65,70,5016.2,4774.4,4532.6,4290.8,4049.0,3807.2,3565.4,3323.6,3081.8,2840.0,2598.2,2356.4,2114.6,1872.8,1631.0,1511.2,1391.4,1271.6,1151.8,1032.0,960.0,888.0,816.0,744.0,672.0,632.6,593.2,553.8,514.4,475.0,446.8,418.6,390.4,362.2,334.0,315.6,297.2,278.8,260.4,242.0,7930.0,7509.0,7088.0,6667.0,6246.0,5825.0,5404.0,4983.0,4562.0,4141.0,3720.0,3299.0,2878.0,2457.0,2036.0,1864.4,1692.8,1521.2,1349.6,1178.0,1083.4,988.8,894.2,799.6,705.0,665.0,625.0,585.0,545.0,505.0,476.4,447.8,419.2,390.6,362.0,343.6,325.2,306.8,288.4,270.0
8,0,65,65,120,4338.4,4118.8,3899.2,3679.6,3460.0,3240.4,3020.8,2801.2,2581.6,2362.0,2142.4,1922.8,1703.2,1483.6,1264.0,1166.4,1068.8,971.2,873.6,776.0,717.0,658.0,599.0,540.0,481.0,459.4,437.8,416.2,394.6,373.0,350.6,328.2,305.8,283.4,261.0,247.4,233.8,220.2,206.6,193.0,7609.6,7199.2,6788.8,6378.4,5968.0,5557.6,5147.2,4736.8,4326.4,3916.0,3505.6,3095.2,2684.8,2274.4,1864.0,1689.2,1514.4,1339.6,1164.8,990.0,908.2,826.4,744.6,662.8,581.0,543.4,505.8,468.2,430.6,393.0,373.0,353.0,333.0,313.0,293.0,279.8,266.6,253.4,240.2,227.0
8,0,35,65,70,5194.4,4940.8,4687.2,4433.6,4180.0,3926.4,3672.8,3419.2,3165.6,2912.0,2658.4,2404.8,2151.2,1897.6,1644.0,1525.6,1407.2,1288.8,1170.4,1052.0,974.0,896.0,818.0,740.0,662.0,623.0,584.0,545.0,506.0,467.0,439.4,411.8,384.2,356.6,329.0,313.2,297.4,281.6,265.8,250.0,7317.6,6935.2,6552.8,6170.4,5788.0,5405.6,5023.2,4640.8,4258.4,3876.0,3493.6,3111.2,2728.8,2346.4,1964.0,1801.6,1639.2,1476.8,1314.4,1152.0,1062.0,972.0,882.0,792.0,702.0,661.2,620.4,579.6,538.8,498.0,470.4,442.8,415.2,387.6,360.0,342.2,324.4,306.6,288.8,271.0
8,0,35,65,120,4684.2,4442.4,4200.6,3958.8,3717.0,3475.2,3233.4,2991.6,2749.8,2508.0,2266.2,2024.4,1782.6,1540.8,1299.0,1200.6,1102.2,1003.8,905.4,807.0,751.8,696.6,641.4,586.2,531.0,500.0,469.0,438.0,407.0,376.0,354.8,333.6,312.4,291.2,270.0,255.2,240.4,225.6,210.8,196.0,7441.2,7039.4,6637.6,6235.8,5834.0,5432.2,5030.4,4628.6,4226.8,3825.0,3423.2,3021.4,2619.6,2217.8,1816.0,1653.6,1491.2,1328.8,1166.4,1004.0,922.6,841.2,759.8,678.4,597.0,559.4,521.8,484.2,446.6,409.0,385.2,361.4,337.6,313.8,290.0,276.4,262.8,249.2,235.6,222.0
11,0,30,30,70,8142.0,7739.0,7336.0,6933.0,6530.0,6127.0,5724.0,5321.0,4918.0,4515.0,4112.0,3709.0,3306.0,2903.0,2500.0,2308.8,2117.6,1926.4,1735.2,1544.0,1428.6,1313.2,1197.8,1082.4,967.0,904.0,841.0,778.0,715.0,652.0,607.4,562.8,518.2,473.6,429.0,405.0,381.0,357.0,333.0,309.0,10425.2,9881.4,9337.6,8793.8,8250.0,7706.2,7162.4,6618.6,6074.8,5531.0,4987.2,4443.4,3899.6,3355.8,2812.0,2574.4,2336.8,2099.2,1861.6,1624.0,1501.8,1379.6,1257.4,1135.2,1013.0,950.4,887.8,825.2,762.6,700.0,655.0,610.0,565.0,520.0,475.0,448.0,421.0,394.0,367.0,340.0
11,0,30,30,120,6849.2,6510.4,6171.6,5832.8,5494.0,5155.2,4816.4,4477.6,4138.8,3800.0,3461.2,3122.4,2783.6,2444.8,2106.0,1943.6,1781.2,1618.8,1456.4,1294.0,1202.2,1110.4,1018.6,926.8,835.0,782.2,729.4,676.6,623.8,571.0,532.8,494.6,456.4,418.2,380.0,358.0,336.0,314.0,292.0,270.0,9621.4,9114.8,8608.2,8101.6,7595.0,7088.4,6581.8,6075.2,5568.6,5062.0,4555.4,4048.8,3542.2,3035.6,2529.0,2326.4,2123.8,1921.2,1718.6,1516.0,1388.8,1261.6,1134.4,1007.2,880.0,826.8,773.6,720.4,667.2,614.0,573.4,532.8,492.2,451.6,411.0,388.6,366.2,343.8,321.4,299.0
11,0,45,45,70,7100.8,6752.6,6404.4,6056.2,5708.0,5359.8,5011.6,4663.4,4315.2,3967.0,3618.8,3270.6,2922.4,2574.2,2226.0,2055.6,1885.2,1714.8,1544.4,1374.0,1256.6,1139.2,1021.8,904.4,787.0,741.4,695.8,650.2,604.6,559.0,522.0,485.0,448.0,411.0,374.0,343.8,313.6,283.4,253.2,223.0,9386.8,8898.6,8410.4,7922.2,7434.0,6945.8,6457.6,5969.4,5481.2,4993.0,4504.8,4016.6,3528.4,3040.2,2552.0,2338.8,2125.6,1912.4,1699.2,1486.0,1380.4,1274.8,1169.2,1063.6,958.0,900.8,843.6,786.4,729.2,672.0,632.0,592.0,552.0,512.0,472.0,446.6,421.2,395.8,370.4,345.0
11,0,45,45,120,6179.8,5872.6,5565.4,5258.2,4951.0,4643.8,4336.6,4029.4,3722.2,3415.0,3107.8,2800.6,2493.4,2186.2,1879.0,1737.2,1595.4,1453.6,1311.8,1170.0,1091.2,1012.4,933.6,854.8,776.0,729.8,683.6,637.4,591.2,545.0,510.2,475.4,440.6,405.8,371.0,350.0,329.0,308.0,287.0,266.0,9377.6,8885.2,8392.8,7900.4,7408.0,6915.6,6423.2,5930.8,5438.4,4946.0,4453.6,3961.2,3468.8,2976.4,2484.0,2277.4,2070.8,1864.2,1657.6,1451.0,1335.2,1219.4,1103.6,987.8,872.0,819.6,767.2,714.8,662.4,610.0,570.2,530.4,490.6,450.8,411.0,391.0,371.0,351.0,331.0,311.0
11,0,55,55,70,7497.6,7101.2,6704.8,6308.4,5912.0,5515.6,5119.2,4722.8,4326.4,3930.0,3533.6,3137.2,2740.8,2344.4,1948.0,1821.8,1695.6,1569.4,1443.2,1317.0,1211.0,1105.0,999.0,893.0,787.0,729.6,672.2,614.8,557.4,500.0,473.6,447.2,420.8,394.4,368.0,348.6,329.2,309.8,290.4,271.0,9379.8,8883.6,8387.4,7891.2,7395.0,6898.8,6402.6,5906.4,5410.2,4914.0,4417.8,3921.6,3425.4,2929.2,2433.0,2227.8,2022.6,1817.4,1612.2,1407.0,1303.4,1199.8,1096.2,992.6,889.0,836.6,784.2,731.8,679.4,627.0,589.2,551.4,513.6,475.8,438.0,415.4,392.8,370.2,347.6,325.0
11,0,55,55,120,6022.8,5718.6,5414.4,5110.2,4806.0,4501.8,4197.6,3893.4,3589.2,3285.0,2980.8,2676.6,2372.4,2068.2,1764.0,1627.4,1490.8,1354.2,1217.6,1081.0,1005.6,930.2,854.8,779.4,704.0,661.4,618.8,576.2,533.6,491.0,460.0,429.0,398.0,367.0,336.0,317.2,298.4,279.6,260.8,242.0,9054.4,8570.8,8087.2,7603.6,7120.0,6636.4,6152.8,5669.2,5185.6,4702.0,4218.4,3734.8,3251.2,2767.6,2284.0,2081.0,1878.0,1675.0,1472.0,1269.0,1166.2,1063.4,960.6,857.8,755.0,706.2,657.4,608.6,559.8,511.0,482.0,453.0,424.0,395.0,366.0,348.0,330.0,312.0,294.0,276.0
11,0,65,65,70,5830.8,5556.6,5282.4,5008.2,4734.0,4459.8,4185.6,3911.4,3637.2,3363.0,3088.8,2814.6,2540.4,2266.2,1992.0,1843.8,1695.6,1547.4,1399.2,1251.0,1151.6,1052.2,952.8,853.4,754.0,699.8,645.6,591.4,537.2,483.0,454.8,426.6,398.4,370.2,342.0,324.8,307.6,290.4,273.2,256.0,8674.6,8223.2,7771.8,7320.4,6869.0,6417.6,5966.2,5514.8,5063.4,4612.0,4160.6,3709.2,3257.8,2806.4,2355.0,2151.4,1947.8,1744.2,1540.6,1337.0,1235.8,1134.6,1033.4,932.2,831.0,780.6,730.2,679.8,629.4,579.0,546.0,513.0,480.0,447.0,414.0,393.6,373.2,352.8,332.4,312.0
11,0,65,65,120,5934.0,5632.0,5330.0,5028.0,4726.0,4424.0,4122.0,3820.0,3518.0,3216.0,2914.0,2612.0,2310.0,2008.0,1706.0,1572.4,1438.8,1305.2,1171.6,1038.0,965.4,892.8,820.2,747.6,675.0,633.0,591.0,549.0,507.0,465.0,437.0,409.0,381.0,353.0,325.0,304.8,284.6,264.4,244.2,224.0,9245.8,8749.6,8253.4,7757.2,7261.0,6764.8,6268.6,5772.4,5276.2,4780.0,4283.8,3787.6,3291.4,2795.2,2299.0,2091.4,1883.8,1676.2,1468.6,1261.0,1158.8,1056.6,954.4,852.2,750.0,699.8,649.6,599.4,549.2,499.0,470.8,442.6,414.4,386.2,358.0,339.6,321.2,302.8,284.4,266.0
11,0,35,65,70,7193.2,6832.4,6471.6,6110.8,5750.0,5389.2,5028.4,4667.6,4306.8,3946.0,3585.2,3224.4,2863.6,2502.8,2142.0,1973.8,1805.6,1637.4,1469.2,1301.0,1199.4,1097.8,996.2,894.6,793.0,745.6,698.2,650.8,603.4,556.0,514.6,473.2,431.8,390.4,349.0,332.2,315.4,298.6,281.8,265.0,9439.4,8941.8,8444.2,7946.6,7449.0,6951.4,6453.8,5956.2,5458.6,4961.0,4463.4,3965.8,3468.2,2970.6,2473.0,2257.6,2042.2,1826.8,1611.4,1396.0,1286.4,1176.8,1067.2,957.6,848.0,794.6,741.2,687.8,634.4,581.0,544.8,508.6,472.4,436.2,400.0,377.6,355.2,332.8,310.4,288.0
11,0,35,65,120,5590.6,5316.2,5041.8,4767.4,4493.0,4218.6,3944.2,3669.8,3395.4,3121.0,2846.6,2572.2,2297.8,2023.4,1749.0,1609.8,1470.6,1331.4,1192.2,1053.0,976.8,900.6,824.4,748.2,672.0,631.4,590.8,550.2,509.6,469.0,439.6,410.2,380.8,351.4,322.0,303.2,284.4,265.6,246.8,228.0,8961.8,8481.6,8001.4,7521.2,7041.0,6560.8,6080.6,5600.4,5120.2,4640.0,4159.8,3679.6,3199.4,2719.2,2239.0,2055.2,1871.4,1687.6,1503.8,1320.0,1202.6,1085.2,967.8,850.4,733.0,686.4,639.8,593.2,546.6,500.0,468.6,437.2,405.8,374.4,343.0,324.6,306.2,287.8,269.4,251.0
9,0,35,35,70,7694.4,7314.8,6935.2,6555.6,6176.0,5796.4,5416.8,5037.2,4657.6,4278.0,3898.4,3518.8,3139.2,2759.6,2380.0,2204.2,2028.4,1852.6,1676.8,1501.0,1366.0,1231.0,1096.0,961.0,826.0,781.0,736.0,691.0,646.0,601.0,577.4,553.8,530.2,506.6,483.0,459.8,436.6,413.4,390.2,367.0,9767.6,9263.2,8758.8,8254.4,7750.0,7245.6,6741.2,6236.8,5732.4,5228.0,4723.6,4219.2,3714.8,3210.4,2706.0,2482.8,2259.6,2036.4,1813.2,1590.0,1472.4,1354.8,1237.2,1119.6,1002.0,945.8,889.6,833.4,777.2,721.0,681.0,641.0,601.0,561.0,521.0,496.2,471.4,446.6,421.8,397.0
9,0,35,35,120,4106.2,3911.4,3716.6,3521.8,3327.0,3132.2,2937.4,2742.6,2547.8,2353.0,2158.2,1963.4,1768.6,1573.8,1379.0,1263.6,1148.2,1032.8,917.4,802.0,741.6,681.2,620.8,560.4,500.0,479.6,459.2,438.8,418.4,398.0,371.8,345.6,319.4,293.2,267.0,253.4,239.8,226.2,212.6,199.0,7931.8,7533.6,7135.4,6737.2,6339.0,5940.8,5542.6,5144.4,4746.2,4348.0,3949.8,3551.6,3153.4,2755.2,2357.0,2149.8,1942.6,1735.4,1528.2,1321.0,1221.4,1121.8,1022.2,922.6,823.0,778.0,733.0,688.0,643.0,598.0,565.4,532.8,500.2,467.6,435.0,415.2,395.4,375.6,355.8,336.0
9,0,45,45,70,6162.2,5869.4,5576.6,5283.8,4991.0,4698.2,4405.4,4112.6,3819.8,3527.0,3234.2,2941.4,2648.6,2355.8,2063.0,1916.0,1769.0,1622.0,1475.0,1328.0,1236.2,1144.4,1052.6,960.8,869.0,819.8,770.6,721.4,672.2,623.0,587.0,551.0,515.0,479.0,443.0,424.0,405.0,386.0,367.0,348.0,8430.4,7995.8,7561.2,7126.6,6692.0,6257.4,5822.8,5388.2,4953.6,4519.0,4084.4,3649.8,3215.2,2780.6,2346.0,2154.0,1962.0,1770.0,1578.0,1386.0,1293.6,1201.2,1108.8,1016.4,924.0,873.6,823.2,772.8,722.4,672.0,636.4,600.8,565.2,529.6,494.0,471.8,449.6,427.4,405.2,383.0
9,0,45,45,120,5970.8,5674.6,5378.4,5082.2,4786.0,4489.8,4193.6,3897.4,3601.2,3305.0,3008.8,2712.6,2416.4,2120.2,1824.0,1691.0,1558.0,1425.0,1292.0,1159.0,1084.0,1009.0,934.0,859.0,784.0,740.8,697.6,654.4,611.2,568.0,535.6,503.2,470.8,438.4,406.0,387.0,368.0,349.0,330.0,311.0,9440.0,8931.0,8422.0,7913.0,7404.0,6895.0,6386.0,5877.0,5368.0,4859.0,4350.0,3841.0,3332.0,2823.0,2314.0,2116.6,1919.2,1721.8,1524.4,1327.0,1225.0,1123.0,1021.0,919.0,817.0,772.2,727.4,682.6,637.8,593.0,563.0,533.0,503.0,473.0,443.0,424.6,406.2,387.8,369.4,351.0
9,0,50,50,70,6318.0,6003.0,5688.0,5373.0,5058.0,4743.0,4428.0,4113.0,3798.0,3483.0,3168.0,2853.0,2538.0,2223.0,1908.0,1773.0,1638.0,1503.0,1368.0,1233.0,1116.0,999.0,882.0,765.0,648.0,609.2,570.4,531.6,492.8,454.0,428.0,402.0,376.0,350.0,324.0,309.0,294.0,279.0,264.0,249.0,8758.4,8292.8,7827.2,7361.6,6896.0,6430.4,5964.8,5499.2,5033.6,4568.0,4102.4,3636.8,3171.2,2705.6,2240.0,2062.2,1884.4,1706.6,1528.8,1351.0,1253.8,1156.6,1059.4,962.2,865.0,818.0,771.0,724.0,677.0,630.0,595.6,561.2,526.8,492.4,458.0,438.0,418.0,398.0,378.0,358.0
9,0,50,50,120,5652.8,5368.6,5084.4,4800.2,4516.0,4231.8,3947.6,3663.4,3379.2,3095.0,2810.8,2526.6,2242.4,1958.2,1674.0,1553.8,1433.6,1313.4,1193.2,1073.0,1002.4,931.8,861.2,790.6,720.0,674.0,628.0,582.0,536.0,490.0,459.0,428.0,397.0,366.0,335.0,320.6,306.2,291.8,277.4,263.0,8781.8,8310.6,7839.4,7368.2,6897.0,6425.8,5954.6,5483.4,5012.2,4541.0,4069.8,3598.6,3127.4,2656.2,2185.0,1997.6,1810.2,1622.8,1435.4,1248.0,1150.2,1052.4,954.6,856.8,759.0,715.2,671.4,627.6,583.8,540.0,512.0,484.0,456.0,428.0,400.0,383.6,367.2,350.8,334.4,318.0
9,0,60,60,70,5188.4,4954.8,4721.2,4487.6,4254.0,4020.4,3786.8,3553.2,3319.6,3086.0,2852.4,2618.8,2385.2,2151.6,1918.0,1776.8,1635.6,1494.4,1353.2,1212.0,1131.0,1050.0,969.0,888.0,807.0,762.2,717.4,672.6,627.8,583.0,551.4,519.8,488.2,456.6,425.0,401.6,378.2,354.8,331.4,308.0,8642.0,8188.0,7734.0,7280.0,6826.0,6372.0,5918.0,5464.0,5010.0,4556.0,4102.0,3648.0,3194.0,2740.0,2286.0,2095.4,1904.8,1714.2,1523.6,1333.0,1235.0,1137.0,1039.0,941.0,843.0,797.4,751.8,706.2,660.6,615.0,583.8,552.6,521.4,490.2,459.0,439.4,419.8,400.2,380.6,361.0
9,0,60,60,120,5515.0,5239.0,4963.0,4687.0,4411.0,4135.0,3859.0,3583.0,3307.0,3031.0,2755.0,2479.0,2203.0,1927.0,1651.0,1529.2,1407.4,1285.6,1163.8,1042.0,972.4,902.8,833.2,763.6,694.0,655.2,616.4,577.6,538.8,500.0,474.2,448.4,422.6,396.8,371.0,352.2,333.4,314.6,295.8,277.0,8712.0,8247.0,7782.0,7317.0,6852.0,6387.0,5922.0,5457.0,4992.0,4527.0,4062.0,3597.0,3132.0,2667.0,2202.0,2008.4,1814.8,1621.2,1427.6,1234.0,1138.4,1042.8,947.2,851.6,756.0,710.8,665.6,620.4,575.2,530.0,504.6,479.2,453.8,428.4,403.0,386.8,370.6,354.4,338.2,322.0
9,0,35,65,70,6411.0,6096.0,5781.0,5466.0,5151.0,4836.0,4521.0,4206.0,3891.0,3576.0,3261.0,2946.0,2631.0,2316.0,2001.0,1855.8,1710.6,1565.4,1420.2,1275.0,1185.2,1095.4,1005.6,915.8,826.0,779.6,733.2,686.8,640.4,594.0,560.6,527.2,493.8,460.4,427.0,407.4,387.8,368.2,348.6,329.0,9175.4,8692.8,8210.2,7727.6,7245.0,6762.4,6279.8,5797.2,5314.6,4832.0,4349.4,3866.8,3384.2,2901.6,2419.0,2217.4,2015.8,1814.2,1612.6,1411.0,1305.0,1199.0,1093.0,987.0,881.0,830.6,780.2,729.8,679.4,629.0,594.8,560.6,526.4,492.2,458.0,437.8,417.6,397.4,377.2,357.0
9,0,35,65,120,5671.8,5388.6,5105.4,4822.2,4539.0,4255.8,3972.6,3689.4,3406.2,3123.0,2839.8,2556.6,2273.4,1990.2,1707.0,1580.8,1454.6,1328.4,1202.2,1076.0,1003.0,930.0,857.0,784.0,711.0,673.6,636.2,598.8,561.4,524.0,494.8,465.6,436.4,407.2,378.0,360.8,343.6,326.4,309.2,292.0,8881.6,8408.2,7934.8,7461.4,6988.0,6514.6,6041.2,5567.8,5094.4,4621.0,4147.6,3674.2,3200.8,2727.4,2254.0,2059.2,1864.4,1669.6,1474.8,1280.0,1180.0,1080.0,980.0,880.0,780.0,733.0,686.0,639.0,592.0,545.0,516.8,488.6,460.4,432.2,404.0,387.0,370.0,353.0,336.0,319.0
12,0,35,35,70,7744.4,7362.8,6981.2,6599.6,6218.0,5836.4,5454.8,5073.2,4691.6,4310.0,3928.4,3546.8,3165.2,2783.6,2402.0,2217.2,2032.4,1847.6,1662.8,1478.0,1353.2,1228.4,1103.6,978.8,854.0,805.2,756.4,707.6,658.8,610.0,570.6,531.2,491.8,452.4,413.0,390.8,368.6,346.4,324.2,302.0,9860.2,9344.4,8828.6,8312.8,7797.0,7281.2,6765.4,6249.6,5733.8,5218.0,4702.2,4186.4,3670.6,3154.8,2639.0,2418.4,2197.8,1977.2,1756.6,1536.0,1417.6,1299.2,1180.8,1062.4,944.0,884.6,825.2,765.8,706.4,647.0,605.8,564.6,523.4,482.2,441.0,418.6,396.2,373.8,351.4,329.0
12,0,35,35,120,6991.8,6641.6,6291.4,5941.2,5591.0,5240.8,4890.6,4540.4,4190.2,3840.0,3489.8,3139.6,2789.4,2439.2,2089.0,1925.4,1761.8,1598.2,1434.6,1271.0,1176.8,1082.6,988.4,894.2,800.0,750.4,700.8,651.2,601.6,552.0,515.6,479.2,442.8,406.4,370.0,347.6,325.2,302.8,280.4,258.0,9503.4,9004.8,8506.2,8007.6,7509.0,7010.4,6511.8,6013.2,5514.6,5016.0,4517.4,4018.8,3520.2,3021.6,2523.0,2306.6,2090.2,1873.8,1657.4,1441.0,1324.4,1207.8,1091.2,974.6,858.0,800.2,742.4,684.6,626.8,569.0,534.4,499.8,465.2,430.6,396.0,375.0,354.0,333.0,312.0,291.0
12,0,45,45,70,7081.6,6740.2,6398.8,6057.4,5716.0,5374.6,5033.2,4691.8,4350.4,4009.0,3667.6,3326.2,2984.8,2643.4,2302.0,2131.4,1960.8,1790.2,1619.6,1449.0,1341.2,1233.4,1125.6,1017.8,910.0,856.0,802.0,748.0,694.0,640.0,600.6,561.2,521.8,482.4,443.0,421.2,399.4,377.6,355.8,334.0,9095.0,8625.0,8155.0,7685.0,7215.0,6745.0,6275.0,5805.0,5335.0,4865.0,4395.0,3925.0,3455.0,2985.0,2515.0,2312.4,2109.8,1907.2,1704.6,1502.0,1396.2,1290.4,1184.6,1078.8,973.0,917.2,861.4,805.6,749.8,694.0,653.2,612.4,571.6,530.8,490.0,466.0,442.0,418.0,394.0,370.0
12,0,45,45,120,5894.0,5622.0,5350.0,5078.0,4806.0,4534.0,4262.0,3990.0,3718.0,3446.0,3174.0,2902.0,2630.0,2358.0,2086.0,1901.4,1716.8,1532.2,1347.6,1163.0,1079.4,995.8,912.2,828.6,745.0,692.0,639.0,586.0,533.0,480.0,447.0,414.0,381.0,348.0,315.0,289.8,264.6,239.4,214.2,189.0,8790.4,8340.8,7891.2,7441.6,6992.0,6542.4,6092.8,5643.2,5193.6,4744.0,4294.4,3844.8,3395.2,2945.6,2496.0,2282.2,2068.4,1854.6,1640.8,1427.0,1314.8,1202.6,1090.4,978.2,866.0,814.0,762.0,710.0,658.0,606.0,569.8,533.6,497.4,461.2,425.0,405.2,385.4,365.6,345.8,326.0
12,0,50,50,70,7339.7,6979.9,6620.1,6260.3,5900.5,5540.7,5180.9,4821.1,4461.3,4101.5,3741.7,3381.9,3022.1,2662.3,2302.5,2128.3,1954.1,1779.9,1605.7,1431.5,1325.5,1219.5,1113.5,1007.5,901.5,847.3,793.1,738.9,684.7,630.5,590.7,550.9,511.1,471.3,431.5,410.1,388.7,367.3,345.9,324.5,9458.3,8966.1,8473.9,7981.7,7489.5,6997.3,6505.1,6012.9,5520.7,5028.5,4536.3,4044.1,3551.9,3059.7,2567.5,2354.1,2140.7,1927.3,1713.9,1500.5,1388.7,1276.9,1165.1,1053.3,941.5,886.8,832.1,777.4,722.7,668.0,627.7,587.4,547.1,506.8,466.5,444.1,421.7,399.3,376.9,354.5
12,0,50,50,120,6408.2,6096.9,5785.6,5474.3,5163.0,4851.7,4540.4,4229.1,3917.8,3606.5,3295.2,2983.9,2672.6,2361.3,2050.0,1876.8,1703.6,1530.4,1357.2,1184.0,1098.5,1013.0,927.5,842.0,756.5,706.9,657.3,607.7,558.1,508.5,475.5,442.5,409.5,376.5,343.5,320.9,298.3,275.7,253.1,230.5,9366.8,8877.6,8388.4,7899.2,7410.0,6920.8,6431.6,5942.4,5453.2,4964.0,4474.8,3985.6,3496.4,3007.2,2518.0,2297.6,2077.2,1856.8,1636.4,1416.0,1302.8,1189.6,1076.4,963.2,850.0,796.5,743.0,689.5,636.0,582.5,548.2,513.9,479.6,445.3,411.0,391.5,372.0,352.5,333.0,313.5
12,0,60,60,70,6673.0,6345.0,6017.0,5689.0,5361.0,5033.0,4705.0,4377.0,4049.0,3721.0,3393.0,3065.0,2737.0,2409.0,2081.0,1925.6,1770.2,1614.8,1459.4,1304.0,1208.8,1113.6,1018.4,923.2,828.0,775.6,723.2,670.8,618.4,566.0,531.8,497.6,463.4,429.2,395.0,374.4,353.8,333.2,312.6,292.0,9707.6,9192.2,8676.8,8161.4,7646.0,7130.6,6615.2,6099.8,5584.4,5069.0,4553.6,4038.2,3522.8,3007.4,2492.0,2281.2,2070.4,1859.6,1648.8,1438.0,1323.0,1208.0,1093.0,978.0,863.0,808.6,754.2,699.8,645.4,591.0,556.0,521.0,486.0,451.0,416.0,396.0,376.0,356.0,336.0,316.0
12,0,60,60,120,6130.0,5818.0,5506.0,5194.0,4882.0,4570.0,4258.0,3946.0,3634.0,3322.0,3010.0,2698.0,2386.0,2074.0,1762.0,1624.6,1487.2,1349.8,1212.4,1075.0,997.0,919.0,841.0,763.0,685.0,643.0,601.0,559.0,517.0,475.0,443.4,411.8,380.2,348.6,317.0,299.6,282.2,264.8,247.4,230.0,9015.2,8534.4,8053.6,7572.8,7092.0,6611.2,6130.4,5649.6,5168.8,4688.0,4207.2,3726.4,3245.6,2764.8,2284.0,2083.0,1882.0,1681.0,1480.0,1279.0,1175.2,1071.4,967.6,863.8,760.0,711.8,663.6,615.4,567.2,519.0,489.8,460.6,431.4,402.2,373.0,353.8,334.6,315.4,296.2,277.0
12,0,35,65,70,7443.8,7068.6,6693.4,6318.2,5943.0,5567.8,5192.6,4817.4,4442.2,4067.0,3691.8,3316.6,2941.4,2566.2,2191.0,2014.8,1838.6,1662.4,1486.2,1310.0,1203.0,1096.0,989.0,882.0,775.0,722.0,669.0,616.0,563.0,510.0,471.2,432.4,393.6,354.8,316.0,297.8,279.6,261.4,243.2,225.0,9917.6,9393.2,8868.8,8344.4,7820.0,7295.6,6771.2,6246.8,5722.4,5198.0,4673.6,4149.2,3624.8,3100.4,2576.0,2356.2,2136.4,1916.6,1696.8,1477.0,1353.6,1230.2,1106.8,983.4,860.0,803.4,746.8,690.2,633.6,577.0,540.2,503.4,466.6,429.8,393.0,372.4,351.8,331.2,310.6,290.0
12,0,35,65,120,6909.8,6552.6,6195.4,5838.2,5481.0,5123.8,4766.6,4409.4,4052.2,3695.0,3337.8,2980.6,2623.4,2266.2,1909.0,1756.8,1604.6,1452.4,1300.2,1148.0,1058.4,968.8,879.2,789.6,700.0,656.0,612.0,568.0,524.0,480.0,450.0,420.0,390.0,360.0,330.0,311.4,292.8,274.2,255.6,237.0,9954.4,9416.8,8879.2,8341.6,7804.0,7266.4,6728.8,6191.2,5653.6,5116.0,4578.4,4040.8,3503.2,2965.6,2428.0,2230.4,2032.8,1835.2,1637.6,1440.0,1308.0,1176.0,1044.0,912.0,780.0,726.8,673.6,620.4,567.2,514.0,481.2,448.4,415.6,382.8,350.0,331.8,313.6,295.4,277.2,259.0
16,0,30,30,70,9357.2,8891.4,8425.6,7959.8,7494.0,7028.2,6562.4,6096.6,5630.8,5165.0,4699.2,4233.4,3767.6,3301.8,2836.0,2611.4,2386.8,2162.2,1937.6,1713.0,1596.0,1479.0,1362.0,1245.0,1128.0,1059.0,990.0,921.0,852.0,783.0,731.8,680.6,629.4,578.2,527.0,496.4,465.8,435.2,404.6,374.0,11293.4,10713.8,10134.2,9554.6,8975.0,8395.4,7815.8,7236.2,6656.6,6077.0,5497.4,4917.8,4338.2,3758.6,3179.0,2927.0,2675.0,2423.0,2171.0,1919.0,1777.6,1636.2,1494.8,1353.4,1212.0,1137.8,1063.6,989.4,915.2,841.0,787.0,733.0,679.0,625.0,571.0,538.0,505.0,472.0,439.0,406.0
16,0,30,30,120,8252.8,7841.6,7430.4,7019.2,6608.0,6196.8,5785.6,5374.4,4963.2,4552.0,4140.8,3729.6,3318.4,2907.2,2496.0,2306.8,2117.6,1928.4,1739.2,1550.0,1441.2,1332.4,1223.6,1114.8,1006.0,945.2,884.4,823.6,762.8,702.0,657.6,613.2,568.8,524.4,480.0,451.8,423.6,395.4,367.2,339.0,10419.0,9883.0,9347.0,8811.0,8275.0,7739.0,7203.0,6667.0,6131.0,5595.0,5059.0,4523.0,3987.0,3451.0,2915.0,2671.4,2427.8,2184.2,1940.6,1697.0,1572.0,1447.0,1322.0,1197.0,1072.0,1005.6,939.2,872.8,806.4,740.0,696.0,652.0,608.0,564.0,520.0,491.8,463.6,435.4,407.2,379.0
16,0,40,40,70,9045.4,8599.8,8154.2,7708.6,7263.0,6817.4,6371.8,5926.2,5480.6,5035.0,4589.4,4143.8,3698.2,3252.6,2807.0,2577.8,2348.6,2119.4,1890.2,1661.0,1534.8,1408.6,1282.4,1156.2,1030.0,975.4,920.8,866.2,811.6,757.0,708.4,659.8,611.2,562.6,514.0,487.0,460.0,433.0,406.0,379.0,10857.0,10302.0,9747.0,9192.0,8637.0,8082.0,7527.0,6972.0,6417.0,5862.0,5307.0,4752.0,4197.0,3642.0,3087.0,2826.6,2566.2,2305.8,2045.4,1785.0,1655.2,1525.4,1395.6,1265.8,1136.0,1068.6,1001.2,933.8,866.4,799.0,750.6,702.2,653.8,605.4,557.0,527.2,497.4,467.6,437.8,408.0
16,0,40,40,120,7424.4,7060.8,6697.2,6333.6,5970.0,5606.4,5242.8,4879.2,4515.6,4152.0,3788.4,3424.8,3061.2,2697.6,2334.0,2154.4,1974.8,1795.2,1615.6,1436.0,1336.6,1237.2,1137.8,1038.4,939.0,879.6,820.2,760.8,701.4,642.0,601.0,560.0,519.0,478.0,437.0,413.4,389.8,366.2,342.6,319.0,9473.6,9000.2,8526.8,8053.4,7580.0,7106.6,6633.2,6159.8,5686.4,5213.0,4739.6,4266.2,3792.8,3319.4,2846.0,2596.8,2347.6,2098.4,1849.2,1600.0,1479.6,1359.2,1238.8,1118.4,998.0,935.4,872.8,810.2,747.6,685.0,644.4,603.8,563.2,522.6,482.0,456.8,431.6,406.4,381.2,356.0
16,0,50,50,70,8576.8,8148.6,7720.4,7292.2,6864.0,6435.8,6007.6,5579.4,5151.2,4723.0,4294.8,3866.6,3438.4,3010.2,2582.0,2377.0,2172.0,1967.0,1762.0,1557.0,1439.8,1322.6,1205.4,1088.2,971.0,909.8,848.6,787.4,726.2,665.0,622.0,579.0,536.0,493.0,450.0,424.0,398.0,372.0,346.0,320.0,10678.4,10117.8,9557.2,8996.6,8436.0,7875.4,7314.8,6754.2,6193.6,5633.0,5072.4,4511.8,3951.2,3390.6,2830.0,2598.2,2366.4,2134.6,1902.8,1671.0,1540.4,1409.8,1279.2,1148.6,1018.0,957.2,896.4,835.6,774.8,714.0,668.4,622.8,577.2,531.6,486.0,461.2,436.4,411.6,386.8,362.0
16,0,50,50,120,8171.2,7757.4,7343.6,6929.8,6516.0,6102.2,5688.4,5274.6,4860.8,4447.0,4033.2,3619.4,3205.6,2791.8,2378.0,2186.2,1994.4,1802.6,1610.8,1419.0,1312.2,1205.4,1098.6,991.8,885.0,831.4,777.8,724.2,670.6,617.0,576.0,535.0,494.0,453.0,412.0,390.0,368.0,346.0,324.0,302.0,11006.0,10423.0,9840.0,9257.0,8674.0,8091.0,7508.0,6925.0,6342.0,5759.0,5176.0,4593.0,4010.0,3427.0,2844.0,2599.8,2355.6,2111.4,1867.2,1623.0,1488.8,1354.6,1220.4,1086.2,952.0,889.0,826.0,763.0,700.0,637.0,596.2,555.4,514.6,473.8,433.0,411.4,389.8,368.2,346.6,325.0
16,0,60,60,70,7133.4,6787.8,6442.2,6096.6,5751.0,5405.4,5059.8,4714.2,4368.6,4023.0,3677.4,3331.8,2986.2,2640.6,2295.0,2118.0,1941.0,1764.0,1587.0,1410.0,1307.4,1204.8,1102.2,999.6,897.0,844.0,791.0,738.0,685.0,632.0,590.6,549.2,507.8,466.4,425.0,399.0,373.0,347.0,321.0,295.0,9317.0,8836.0,8355.0,7874.0,7393.0,6912.0,6431.0,5950.0,5469.0,4988.0,4507.0,4026.0,3545.0,3064.0,2583.0,2362.6,2142.2,1921.8,1701.4,1481.0,1372.4,1263.8,1155.2,1046.6,938.0,883.0,828.0,773.0,718.0,663.0,624.8,586.6,548.4,510.2,472.0,447.0,422.0,397.0,372.0,347.0
16,0,60,60,120,7338.8,6966.6,6594.4,6222.2,5850.0,5477.8,5105.6,4733.4,4361.2,3989.0,3616.8,3244.6,2872.4,2500.2,2128.0,1959.4,1790.8,1622.2,1453.6,1285.0,1191.8,1098.6,1005.4,912.2,819.0,756.4,693.8,631.2,568.6,506.0,466.4,426.8,387.2,347.6,308.0,289.2,270.4,251.6,232.8,214.0,9870.2,9349.4,8828.6,8307.8,7787.0,7266.2,6745.4,6224.6,5703.8,5183.0,4662.2,4141.4,3620.6,3099.8,2579.0,2353.0,2127.0,1901.0,1675.0,1449.0,1334.4,1219.8,1105.2,990.6,876.0,818.8,761.6,704.4,647.2,590.0,554.2,518.4,482.6,446.8,411.0,389.6,368.2,346.8,325.4,304.0
16,0,35,65,70,8908.2,8467.4,8026.6,7585.8,7145.0,6704.2,6263.4,5822.6,5381.8,4941.0,4500.2,4059.4,3618.6,3177.8,2737.0,2523.8,2310.6,2097.4,1884.2,1671.0,1536.0,1401.0,1266.0,1131.0,996.0,941.2,886.4,831.6,776.8,722.0,675.4,628.8,582.2,535.6,489.0,461.6,434.2,406.8,379.4,352.0,11603.4,10996.8,10390.2,9783.6,9177.0,8570.4,7963.8,7357.2,6750.6,6144.0,5537.4,4930.8,4324.2,3717.6,3111.0,2847.0,2583.0,2319.0,2055.0,1791.0,1653.4,1515.8,1378.2,1240.6,1103.0,1035.6,968.2,900.8,833.4,766.0,717.2,668.4,619.6,570.8,522.0,493.2,464.4,435.6,406.8,378.0
16,0,35,65,120,7917.6,7517.2,7116.8,6716.4,6316.0,5915.6,5515.2,5114.8,4714.4,4314.0,3913.6,3513.2,3112.8,2712.4,2312.0,2129.4,1946.8,1764.2,1581.6,1399.0,1296.8,1194.6,1092.4,990.2,888.0,832.6,777.2,721.8,666.4,611.0,575.0,539.0,503.0,467.0,431.0,406.6,382.2,357.8,333.4,309.0,10619.0,10064.0,9509.0,8954.0,8399.0,7844.0,7289.0,6734.0,6179.0,5624.0,5069.0,4514.0,3959.0,3404.0,2849.0,2600.6,2352.2,2103.8,1855.4,1607.0,1480.4,1353.8,1227.2,1100.6,974.0,914.6,855.2,795.8,736.4,677.0,635.8,594.6,553.4,512.2,471.0,441.2,411.4,381.6,351.8,322.0
7,0,35,35,70,4448.2,4265.4,4082.6,3899.8,3717.0,3534.2,3351.4,3168.6,2985.8,2803.0,2620.2,2437.4,2254.6,2071.8,1889.0,1738.6,1588.2,1437.8,1287.4,1137.0,1052.8,968.6,884.4,800.2,716.0,661.2,606.4,551.6,496.8,442.0,423.8,405.6,387.4,369.2,351.0,329.2,307.4,285.6,263.8,242.0,6752.6,6415.2,6077.8,5740.4,5403.0,5065.6,4728.2,4390.8,4053.4,3716.0,3378.6,3041.2,2703.8,2366.4,2029.0,1869.2,1709.4,1549.6,1389.8,1230.0,1142.8,1055.6,968.4,881.2,794.0,746.8,699.6,652.4,605.2,558.0,523.0,488.0,453.0,418.0,383.0,360.6,338.2,315.8,293.4,271.0
7,0,35,35,120,4527.0,4285.0,4043.0,3801.0,3559.0,3317.0,3075.0,2833.0,2591.0,2349.0,2107.0,1865.0,1623.0,1381.0,1139.0,1042.6,946.2,849.8,753.4,657.0,596.6,536.2,475.8,415.4,355.0,333.0,311.0,289.0,267.0,245.0,225.4,205.8,186.2,166.6,147.0,137.6,128.2,118.8,109.4,100.0,6623.6,6275.2,5926.8,5578.4,5230.0,4881.6,4533.2,4184.8,3836.4,3488.0,3139.6,2791.2,2442.8,2094.4,1746.0,1601.6,1457.2,1312.8,1168.4,1024.0,949.0,874.0,799.0,724.0,649.0,610.0,571.0,532.0,493.0,454.0,426.2,398.4,370.6,342.8,315.0,297.6,280.2,262.8,245.4,228.0
7,0,45,45,70,5076.2,4821.4,4566.6,4311.8,4057.0,3802.2,3547.4,3292.6,3037.8,2783.0,2528.2,2273.4,2018.6,1763.8,1509.0,1391.0,1273.0,1155.0,1037.0,919.0,854.0,789.0,724.0,659.0,594.0,557.2,520.4,483.6,446.8,410.0,386.8,363.6,340.4,317.2,294.0,278.6,263.2,247.8,232.4,217.0,6853.0,6497.0,6141.0,5785.0,5429.0,5073.0,4717.0,4361.0,4005.0,3649.0,3293.0,2937.0,2581.0,2225.0,1869.0,1719.8,1570.6,1421.4,1272.2,1123.0,1046.6,970.2,893.8,817.4,741.0,696.6,652.2,607.8,563.4,519.0,488.6,458.2,427.8,397.4,367.0,347.4,327.8,308.2,288.6,269.0
7,0,45,45,120,4883.2,4637.4,4391.6,4145.8,3900.0,3654.2,3408.4,3162.6,2916.8,2671.0,2425.2,2179.4,1933.6,1687.8,1442.0,1317.2,1192.4,1067.6,942.8,818.0,746.2,674.4,602.6,530.8,459.0,426.0,393.0,360.0,327.0,294.0,269.6,245.2,220.8,196.4,172.0,162.0,152.0,142.0,132.0,122.0,6678.8,6324.6,5970.4,5616.2,5262.0,4907.8,4553.6,4199.4,3845.2,3491.0,3136.8,2782.6,2428.4,2074.2,1720.0,1572.2,1424.4,1276.6,1128.8,981.0,905.8,830.6,755.4,680.2,605.0,569.4,533.8,498.2,462.6,427.0,402.6,378.2,353.8,329.4,305.0,289.8,274.6,259.4,244.2,229.0
7,0,50,50,70,5322.2,5047.4,4772.6,4497.8,4223.0,3948.2,3673.4,3398.6,3123.8,2849.0,2574.2,2299.4,2024.6,1749.8,1475.0,1321.2,1167.4,1013.6,859.8,706.0,631.8,557.6,483.4,409.2,335.0,309.0,283.0,257.0,231.0,205.0,190.4,175.8,161.2,146.6,132.0,126.2,120.4,114.6,108.8,103.0,6542.0,6198.0,5854.0,5510.0,5166.0,4822.0,4478.0,4134.0,3790.0,3446.0,3102.0,2758.0,2414.0,2070.0,1726.0,1583.4,1440.8,1298.2,1155.6,1013.0,943.0,873.0,803.0,733.0,663.0,624.6,586.2,547.8,509.4,471.0,443.4,415.8,388.2,360.6,333.0,315.6,298.2,280.8,263.4,246.0
7,0,50,50,120,4091.6,3887.2,3682.8,3478.4,3274.0,3069.6,2865.2,2660.8,2456.4,2252.0,2047.6,1843.2,1638.8,1434.4,1230.0,1138.4,1046.8,955.2,863.6,772.0,719.6,667.2,614.8,562.4,510.0,478.4,446.8,415.2,383.6,352.0,329.2,306.4,283.6,260.8,238.0,225.4,212.8,200.2,187.6,175.0,6031.4,5714.8,5398.2,5081.6,4765.0,4448.4,4131.8,3815.2,3498.6,3182.0,2865.4,2548.8,2232.2,1915.6,1599.0,1467.8,1336.6,1205.4,1074.2,943.0,874.4,805.8,737.2,668.6,600.0,565.0,530.0,495.0,460.0,425.0,396.0,367.0,338.0,309.0,280.0,266.4,252.8,239.2,225.6,212.0
7,0,65,65,70,6067.4,5753.8,5440.2,5126.6,4813.0,4499.4,4185.8,3872.2,3558.6,3245.0,2931.4,2617.8,2304.2,1990.6,1677.0,1541.6,1406.2,1270.8,1135.4,1000.0,912.0,824.0,736.0,648.0,560.0,531.6,503.2,474.8,446.4,418.0,384.8,351.6,318.4,285.2,252.0,241.4,230.8,220.2,209.6,199.0,7846.4,7422.8,6999.2,6575.6,6152.0,5728.4,5304.8,4881.2,4457.6,4034.0,3610.4,3186.8,2763.2,2339.6,1916.0,1749.4,1582.8,1416.2,1249.6,1083.0,996.6,910.2,823.8,737.4,651.0,611.8,572.6,533.4,494.2,455.0,428.4,401.8,375.2,348.6,322.0,305.2,288.4,271.6,254.8,238.0
7,0,65,65,120,5138.2,4866.4,4594.6,4322.8,4051.0,3779.2,3507.4,3235.6,2963.8,2692.0,2420.2,2148.4,1876.6,1604.8,1333.0,1228.6,1124.2,1019.8,915.4,811.0,749.2,687.4,625.6,563.8,502.0,472.6,443.2,413.8,384.4,355.0,332.6,310.2,287.8,265.4,243.0,230.0,217.0,204.0,191.0,178.0,7549.6,7135.2,6720.8,6306.4,5892.0,5477.6,5063.2,4648.8,4234.4,3820.0,3405.6,2991.2,2576.8,2162.4,1748.0,1591.4,1434.8,1278.2,1121.6,965.0,881.4,797.8,714.2,630.6,547.0,513.2,479.4,445.6,411.8,378.0,356.2,334.4,312.6,290.8,269.0,256.4,243.8,231.2,218.6,206.0
7,0,35,65,70,3747.4,3585.8,3424.2,3262.6,3101.0,2939.4,2777.8,2616.2,2454.6,2293.0,2131.4,1969.8,1808.2,1646.6,1485.0,1374.4,1263.8,1153.2,1042.6,932.0,860.6,789.2,717.8,646.4,575.0,541.6,508.2,474.8,441.4,408.0,383.0,358.0,333.0,308.0,283.0,267.6,252.2,236.8,221.4,206.0,6179.2,5852.4,5525.6,5198.8,4872.0,4545.2,4218.4,3891.6,3564.8,3238.0,2911.2,2584.4,2257.6,1930.8,1604.0,1476.2,1348.4,1220.6,1092.8,965.0,896.2,827.4,758.6,689.8,621.0,586.0,551.0,516.0,481.0,446.0,420.2,394.4,368.6,342.8,317.0,300.0,283.0,266.0,249.0,232.0
7,0,35,65,120,4168.0,3956.0,3744.0,3532.0,3320.0,3108.0,2896.0,2684.0,2472.0,2260.0,2048.0,1836.0,1624.0,1412.0,1200.0,1109.2,1018.4,927.6,836.8,746.0,668.0,590.0,512.0,434.0,356.0,326.4,296.8,267.2,237.6,208.0,190.4,172.8,155.2,137.6,120.0,113.2,106.4,99.6,92.8,86.0,6000.4,5680.8,5361.2,5041.6,4722.0,4402.4,4082.8,3763.2,3443.6,3124.0,2804.4,2484.8,2165.2,1845.6,1526.0,1395.2,1264.4,1133.6,1002.8,872.0,799.6,727.2,654.8,582.4,510.0,480.2,450.4,420.6,390.8,361.0,339.6,318.2,296.8,275.4,254.0,241.2,228.4,215.6,202.8,190.0
14,0,40,80,70,7431.7,7062.5,6693.3,6324.1,5954.9,5585.7,5216.4,4847.2,4478.0,4108.8,3739.6,3370.4,3001.2,2631.9,2262.7,2090.5,1918.3,1746.0,1573.8,1401.6,1292.5,1183.5,1074.4,965.4,856.3,803.3,750.3,697.3,644.4,591.4,541.6,491.9,442.2,392.4,342.7,330.0,317.4,304.7,292.0,279.4,9310.3,8826.6,8343.0,7859.3,7375.7,6892.0,6408.4,5924.7,5441.1,4957.4,4473.8,3990.1,3506.5,3022.8,2539.2,2325.5,2111.8,1898.1,1684.4,1470.7,1357.2,1243.8,1130.3,1016.8,903.4,848.1,792.8,737.5,682.2,626.9,587.7,548.5,509.4,470.2,431.0,408.8,386.5,364.2,342.0,319.7
14,0,40,80,120,6780.3,6429.7,6079.1,5728.5,5377.9,5027.3,4676.7,4326.1,3975.6,3625.0,3274.4,2923.8,2573.2,2222.6,1872.0,1715.9,1559.8,1403.7,1247.6,1091.5,1001.1,910.7,820.2,729.8,639.4,598.8,558.3,517.8,477.3,436.8,407.6,378.4,349.2,320.1,290.9,273.0,255.2,237.3,219.5,201.6,9511.9,9005.2,8498.5,7991.8,7485.1,6978.4,6471.7,5965.1,5458.4,4951.7,4445.0,3938.3,3431.6,2924.9,2418.2,2205.5,1992.8,1780.0,1567.3,1354.6,1240.7,1126.8,1013.0,899.1,785.3,731.5,677.8,624.0,570.2,516.5,483.1,449.7,416.3,382.8,349.4,330.2,311.0,291.8,272.6,253.4
14,0,50,100,70,7122.1,6768.3,6414.4,6060.6,5706.8,5352.9,4999.1,4645.3,4291.4,3937.6,3583.8,3229.9,2876.1,2522.3,2168.4,2003.4,1838.3,1673.3,1508.2,1343.2,1238.7,1134.2,1029.7,925.2,820.6,769.9,719.1,668.3,617.5,566.7,519.1,471.4,423.8,376.1,328.4,316.3,304.2,292.0,279.9,267.7,8922.3,8458.8,7995.4,7531.9,7068.4,6604.9,6141.4,5677.9,5214.4,4750.9,4287.4,3823.9,3360.4,2896.9,2433.4,2228.6,2023.8,1819.0,1614.2,1409.4,1300.7,1192.0,1083.2,974.5,865.7,812.7,759.7,706.7,653.8,600.8,563.2,525.7,488.2,450.6,413.1,391.7,370.4,349.0,327.7,306.4
14,0,50,100,120,6497.8,6161.8,5825.8,5489.8,5153.8,4817.9,4481.9,4145.9,3809.9,3473.9,3137.9,2802.0,2466.0,2130.0,1794.0,1644.4,1494.8,1345.2,1195.6,1046.0,959.4,872.7,786.0,699.4,612.7,573.9,535.1,496.2,457.4,418.6,390.6,362.7,334.7,306.7,278.8,261.6,244.5,227.4,210.3,193.2,9115.5,8630.0,8144.4,7658.8,7173.2,6687.7,6202.1,5716.5,5230.9,4745.4,4259.8,3774.2,3288.6,2803.1,2317.5,2113.6,1909.7,1705.9,1502.0,1298.1,1189.0,1079.9,970.8,861.7,752.6,701.0,649.5,598.0,546.5,495.0,462.9,430.9,398.9,366.9,334.9,316.5,298.1,279.7,261.3,242.9
14,0,75,75,70,7369.5,6985.2,6600.9,6216.6,5832.3,5447.9,5063.6,4679.3,4294.9,3910.7,3526.4,3142.0,2757.7,2373.4,1989.1,1834.2,1679.3,1524.5,1369.6,1214.8,1120.3,1025.9,931.3,836.8,742.4,695.3,648.3,601.2,554.1,507.1,474.2,441.4,408.6,375.7,342.9,324.1,305.4,286.6,267.7,248.9,9342.1,8845.6,8349.2,7852.7,7356.2,6859.7,6363.2,5866.8,5370.2,4873.7,4377.2,3880.7,3384.3,2887.8,2391.3,2184.3,1977.2,1770.1,1563.2,1356.1,1247.0,1138.0,1028.9,919.9,810.8,757.8,704.9,652.1,599.2,546.3,512.0,477.7,443.4,409.2,374.9,354.0,333.2,312.5,291.6,270.9
14,0,75,75,120,6951.3,6591.9,6232.6,5873.3,5514.0,5154.6,4795.3,4436.0,4076.6,3717.3,3358.0,2998.7,2639.3,2280.0,1920.7,1760.0,1599.3,1438.6,1277.9,1117.2,1032.0,946.8,861.7,776.4,691.3,647.3,603.4,559.4,515.4,471.6,439.8,408.0,376.3,344.5,312.8,294.0,275.2,256.4,237.7,218.9,9326.1,8828.2,8330.2,7832.3,7334.3,6836.4,6338.4,5840.4,5342.5,4844.5,4346.6,3848.6,3350.7,2852.7,2354.8,2141.6,1928.4,1715.1,1501.9,1288.7,1180.9,1073.1,965.3,857.5,749.7,698.6,647.5,596.4,545.4,494.3,462.4,430.5,398.6,366.6,334.8,316.3,297.9,279.5,261.0,242.6
14,0,70,70,70,7103.7,6738.7,6373.8,6008.8,5643.8,5278.9,4914.0,4549.1,4184.1,3819.1,3454.2,3089.2,2724.3,2359.3,1994.3,1840.7,1687.0,1533.3,1379.7,1226.0,1132.2,1038.2,944.4,850.6,756.7,709.1,661.5,614.0,566.4,518.9,485.8,452.6,419.5,386.4,353.3,333.7,314.1,294.4,274.9,255.3,9054.7,8575.8,8096.9,7618.0,7138.9,6660.1,6181.2,5702.2,5223.4,4744.4,4265.5,3786.6,3307.6,2828.6,2349.8,2149.6,1949.5,1749.3,1549.2,1349.0,1243.0,1137.0,1031.0,925.1,819.1,767.0,715.2,663.3,611.3,559.4,524.6,489.8,455.0,420.4,385.5,364.4,343.3,322.1,301.0,279.9
14,0,70,70,120,6380.9,6054.0,5727.1,5400.3,5073.4,4746.5,4419.7,4092.9,3765.9,3439.1,3112.2,2785.3,2458.6,2131.7,1804.8,1658.4,1512.1,1365.7,1219.4,1073.0,993.0,913.1,833.0,753.0,673.1,631.1,589.2,547.2,505.2,463.3,433.1,402.8,372.6,342.3,312.2,293.4,274.7,255.9,237.1,218.4,8779.6,8314.8,7849.8,7384.9,6920.1,6455.0,5990.1,5525.3,5060.4,4595.3,4130.5,3665.6,3200.6,2735.8,2270.8,2067.5,1863.9,1660.5,1457.2,1253.7,1150.7,1047.5,944.4,841.3,738.2,689.7,641.2,592.6,544.0,495.6,464.5,433.7,402.8,371.9,341.0,322.5,303.8,285.3,266.8,248.2
10,0,40,80,70,6475.8,6146.6,5817.4,5488.2,5159.0,4829.8,4500.6,4171.4,3842.2,3513.0,3183.8,2854.6,2525.4,2196.2,1867.0,1721.6,1576.2,1430.8,1285.4,1140.0,1056.2,972.4,888.6,804.8,721.0,674.2,627.4,580.6,533.8,487.0,455.4,423.8,392.2,360.6,329.0,311.2,293.4,275.6,257.8,240.0,9056.4,8570.8,8085.2,7599.6,7114.0,6628.4,6142.8,5657.2,5171.6,4686.0,4200.4,3714.8,3229.2,2743.6,2258.0,2059.8,1861.6,1663.4,1465.2,1267.0,1166.4,1065.8,965.2,864.6,764.0,713.4,662.8,612.2,561.6,511.0,479.6,448.2,416.8,385.4,354.0,335.6,317.2,298.8,280.4,262.0
10,0,40,80,120,5651.8,5362.6,5073.4,4784.2,4495.0,4205.8,3916.6,3627.4,3338.2,3049.0,2759.8,2470.6,2181.4,1892.2,1603.0,1475.0,1347.0,1219.0,1091.0,963.0,891.2,819.4,747.6,675.8,604.0,566.2,528.4,490.6,452.8,415.0,388.8,362.6,336.4,310.2,284.0,266.6,249.2,231.8,214.4,197.0,8330.4,7887.8,7445.2,7002.6,6560.0,6117.4,5674.8,5232.2,4789.6,4347.0,3904.4,3461.8,3019.2,2576.6,2134.0,1941.2,1748.4,1555.6,1362.8,1170.0,1073.2,976.4,879.6,782.8,686.0,639.6,593.2,546.8,500.4,454.0,425.4,396.8,368.2,339.6,311.0,294.2,277.4,260.6,243.8,227.0
10,0,50,100,70,6270.0,5956.0,5642.0,5328.0,5014.0,4700.0,4386.0,4072.0,3758.0,3444.0,3130.0,2816.0,2502.0,2188.0,1874.0,1724.2,1574.4,1424.6,1274.8,1125.0,1042.0,959.0,876.0,793.0,710.0,662.6,615.2,567.8,520.4,473.0,442.6,412.2,381.8,351.4,321.0,302.8,284.6,266.4,248.2,230.0,8954.2,8474.4,7994.6,7514.8,7035.0,6555.2,6075.4,5595.6,5115.8,4636.0,4156.2,3676.4,3196.6,2716.8,2237.0,2037.2,1837.4,1637.6,1437.8,1238.0,1138.8,1039.6,940.4,841.2,742.0,693.4,644.8,596.2,547.6,499.0,468.4,437.8,407.2,376.6,346.0,327.4,308.8,290.2,271.6,253.0
10,0,50,100,120,6135.2,5814.4,5493.6,5172.8,4852.0,4531.2,4210.4,3889.6,3568.8,3248.0,2927.2,2606.4,2285.6,1964.8,1644.0,1509.0,1374.0,1239.0,1104.0,969.0,894.6,820.2,745.8,671.4,597.0,547.2,497.4,447.6,397.8,348.0,321.8,295.6,269.4,243.2,217.0,206.4,195.8,185.2,174.6,164.0,9082.2,8590.4,8098.6,7606.8,7115.0,6623.2,6131.4,5639.6,5147.8,4656.0,4164.2,3672.4,3180.6,2688.8,2197.0,1994.4,1791.8,1589.2,1386.6,1184.0,1084.2,984.4,884.6,784.8,685.0,636.6,588.2,539.8,491.4,443.0,413.2,383.4,353.6,323.8,294.0,278.2,262.4,246.6,230.8,215.0
10,0,75,75,70,6420.8,6093.6,5766.4,5439.2,5112.0,4784.8,4457.6,4130.4,3803.2,3476.0,3148.8,2821.6,2494.4,2167.2,1840.0,1694.4,1548.8,1403.2,1257.6,1112.0,1026.6,941.2,855.8,770.4,685.0,641.0,597.0,553.0,509.0,465.0,434.4,403.8,373.2,342.6,312.0,293.4,274.8,256.2,237.6,219.0,8792.8,8322.6,7852.4,7382.2,6912.0,6441.8,5971.6,5501.4,5031.2,4561.0,4090.8,3620.6,3150.4,2680.2,2210.0,2016.4,1822.8,1629.2,1435.6,1242.0,1143.0,1044.0,945.0,846.0,747.0,698.8,650.6,602.4,554.2,506.0,476.0,446.0,416.0,386.0,356.0,337.6,319.2,300.8,282.4,264.0
10,0,75,75,120,5853.2,5546.4,5239.6,4932.8,4626.0,4319.2,4012.4,3705.6,3398.8,3092.0,2785.2,2478.4,2171.6,1864.8,1558.0,1427.4,1296.8,1166.2,1035.6,905.0,834.0,763.0,692.0,621.0,550.0,514.8,479.6,444.4,409.2,374.0,349.0,324.0,299.0,274.0,249.0,231.2,213.4,195.6,177.8,160.0,9135.0,8635.0,8135.0,7635.0,7135.0,6635.0,6135.0,5635.0,5135.0,4635.0,4135.0,3635.0,3135.0,2635.0,2135.0,1931.4,1727.8,1524.2,1320.6,1117.0,1028.2,939.4,850.6,761.8,673.0,628.6,584.2,539.8,495.4,451.0,422.8,394.6,366.4,338.2,310.0,292.0,274.0,256.0,238.0,220.0
7,0,40,80,70,4524.4,4299.8,4075.2,3850.6,3626.0,3401.4,3176.8,2952.2,2727.6,2503.0,2278.4,2053.8,1829.2,1604.6,1380.0,1274.0,1168.0,1062.0,956.0,850.0,787.0,724.0,661.0,598.0,535.0,499.6,464.2,428.8,393.4,358.0,336.0,314.0,292.0,270.0,248.0,234.0,220.0,206.0,192.0,178.0,6096.8,5775.6,5454.4,5133.2,4812.0,4490.8,4169.6,3848.4,3527.2,3206.0,2884.8,2563.6,2242.4,1921.2,1600.0,1463.4,1326.8,1190.2,1053.6,917.0,846.4,775.8,705.2,634.6,564.0,529.4,494.8,460.2,425.6,391.0,368.0,345.0,322.0,299.0,276.0,261.8,247.6,233.4,219.2,205.0
7,0,40,80,120,4068.2,3860.4,3652.6,3444.8,3237.0,3029.2,2821.4,2613.6,2405.8,2198.0,1990.2,1782.4,1574.6,1366.8,1159.0,1067.4,975.8,884.2,792.6,701.0,649.6,598.2,546.8,495.4,444.0,415.8,387.6,359.4,331.2,303.0,280.4,257.8,235.2,212.6,190.0,176.8,163.6,150.4,137.2,124.0,6017.2,5694.4,5371.6,5048.8,4726.0,4403.2,4080.4,3757.6,3434.8,3112.0,2789.2,2466.4,2143.6,1820.8,1498.0,1365.0,1232.0,1099.0,966.0,833.0,764.6,696.2,627.8,559.4,491.0,460.0,429.0,398.0,367.0,336.0,313.8,291.6,269.4,247.2,225.0,213.4,201.8,190.2,178.6,167.0
7,0,50,100,70,4250.2,4042.4,3834.6,3626.8,3419.0,3211.2,3003.4,2795.6,2587.8,2380.0,2172.2,1964.4,1756.6,1548.8,1341.0,1232.0,1123.0,1014.0,905.0,796.0,728.6,661.2,593.8,526.4,459.0,435.2,411.4,387.6,363.8,340.0,309.8,279.6,249.4,219.2,189.0,185.0,181.0,177.0,173.0,169.0,6454.2,6108.4,5762.6,5416.8,5071.0,4725.2,4379.4,4033.6,3687.8,3342.0,2996.2,2650.4,2304.6,1958.8,1613.0,1474.4,1335.8,1197.2,1058.6,920.0,846.8,773.6,700.4,627.2,554.0,519.2,484.4,449.6,414.8,380.0,356.8,333.6,310.4,287.2,264.0,250.6,237.2,223.8,210.4,197.0
7,0,50,100,120,4313.0,4090.0,3867.0,3644.0,3421.0,3198.0,2975.0,2752.0,2529.0,2306.0,2083.0,1860.0,1637.0,1414.0,1191.0,1090.6,990.2,889.8,789.4,689.0,626.6,564.2,501.8,439.4,377.0,355.6,334.2,312.8,291.4,270.0,249.4,228.8,208.2,187.6,167.0,157.4,147.8,138.2,128.6,119.0,6151.8,5821.6,5491.4,5161.2,4831.0,4500.8,4170.6,3840.4,3510.2,3180.0,2849.8,2519.6,2189.4,1859.2,1529.0,1392.4,1255.8,1119.2,982.6,846.0,775.8,705.6,635.4,565.2,495.0,462.0,429.0,396.0,363.0,330.0,309.0,288.0,267.0,246.0,225.0,213.6,202.2,190.8,179.4,168.0
7,0,75,75,70,4803.8,4558.6,4313.4,4068.2,3823.0,3577.8,3332.6,3087.4,2842.2,2597.0,2351.8,2106.6,1861.4,1616.2,1371.0,1264.0,1157.0,1050.0,943.0,836.0,771.4,706.8,642.2,577.6,513.0,481.6,450.2,418.8,387.4,356.0,333.4,310.8,288.2,265.6,243.0,229.2,215.4,201.6,187.8,174.0,6449.8,6105.6,5761.4,5417.2,5073.0,4728.8,4384.6,4040.4,3696.2,3352.0,3007.8,2663.6,2319.4,1975.2,1631.0,1488.4,1345.8,1203.2,1060.6,918.0,844.6,771.2,697.8,624.4,551.0,516.6,482.2,447.8,413.4,379.0,357.0,335.0,313.0,291.0,269.0,254.8,240.6,226.4,212.2,198.0
7,0,75,75,120,4531.6,4292.2,4052.8,3813.4,3574.0,3334.6,3095.2,2855.8,2616.4,2377.0,2137.6,1898.2,1658.8,1419.4,1180.0,1085.4,990.8,896.2,801.6,707.0,654.2,601.4,548.6,495.8,443.0,415.6,388.2,360.8,333.4,306.0,286.2,266.4,246.6,226.8,207.0,195.4,183.8,172.2,160.6,149.0,6531.6,6174.2,5816.8,5459.4,5102.0,4744.6,4387.2,4029.8,3672.4,3315.0,2957.6,2600.2,2242.8,1885.4,1528.0,1390.8,1253.6,1116.4,979.2,842.0,770.8,699.6,628.4,557.2,486.0,453.2,420.4,387.6,354.8,322.0,302.2,282.4,262.6,242.8,223.0,212.4,201.8,191.2,180.6,170.0
8,0,40,80,70,5035.8,4794.6,4553.4,4312.2,4071.0,3829.8,3588.6,3347.4,3106.2,2865.0,2623.8,2382.6,2141.4,1900.2,1659.0,1522.2,1385.4,1248.6,1111.8,975.0,894.0,813.0,732.0,651.0,570.0,533.8,497.6,461.4,425.2,389.0,365.6,342.2,318.8,295.4,272.0,256.2,240.4,224.6,208.8,193.0,8406.8,7957.6,7508.4,7059.2,6610.0,6160.8,5711.6,5262.4,4813.2,4364.0,3914.8,3465.6,3016.4,2567.2,2118.0,1929.6,1741.2,1552.8,1364.4,1176.0,1083.0,990.0,897.0,804.0,711.0,665.2,619.4,573.6,527.8,482.0,452.6,423.2,393.8,364.4,335.0,315.2,295.4,275.6,255.8,236.0
8,0,40,80,120,5157.0,4885.0,4613.0,4341.0,4069.0,3797.0,3525.0,3253.0,2981.0,2709.0,2437.0,2165.0,1893.0,1621.0,1349.0,1204.8,1060.6,916.4,772.2,628.0,574.2,520.4,466.6,412.8,359.0,335.6,312.2,288.8,265.4,242.0,222.2,202.4,182.6,162.8,143.0,138.2,133.4,128.6,123.8,119.0,8140.6,7693.2,7245.8,6798.4,6351.0,5903.6,5456.2,5008.8,4561.4,4114.0,3666.6,3219.2,2771.8,2324.4,1877.0,1707.6,1538.2,1368.8,1199.4,1030.0,948.4,866.8,785.2,703.6,622.0,579.2,536.4,493.6,450.8,408.0,380.6,353.2,325.8,298.4,271.0,256.2,241.4,226.6,211.8,197.0
8,0,50,100,70,5343.6,5074.2,4804.8,4535.4,4266.0,3996.6,3727.2,3457.8,3188.4,2919.0,2649.6,2380.2,2110.8,1841.4,1572.0,1449.2,1326.4,1203.6,1080.8,958.0,880.0,802.0,724.0,646.0,568.0,534.2,500.4,466.6,432.8,399.0,372.6,346.2,319.8,293.4,267.0,253.4,239.8,226.2,212.6,199.0,8633.2,8163.4,7693.6,7223.8,6754.0,6284.2,5814.4,5344.6,4874.8,4405.0,3935.2,3465.4,2995.6,2525.8,2056.0,1870.4,1684.8,1499.2,1313.6,1128.0,1036.6,945.2,853.8,762.4,671.0,629.2,587.4,545.6,503.8,462.0,434.4,406.8,379.2,351.6,324.0,307.6,291.2,274.8,258.4,242.0
8,0,50,100,120,5206.4,4917.8,4629.2,4340.6,4052.0,3763.4,3474.8,3186.2,2897.6,2609.0,2320.4,2031.8,1743.2,1454.6,1166.0,1060.4,954.8,849.2,743.6,638.0,582.4,526.8,471.2,415.6,360.0,336.8,313.6,290.4,267.2,244.0,227.2,210.4,193.6,176.8,160.0,151.8,143.6,135.4,127.2,119.0,8235.8,7783.6,7331.4,6879.2,6427.0,5974.8,5522.6,5070.4,4618.2,4166.0,3713.8,3261.6,2809.4,2357.2,1905.0,1722.8,1540.6,1358.4,1176.2,994.0,904.4,814.8,725.2,635.6,546.0,509.2,472.4,435.6,398.8,362.0,337.2,312.4,287.6,262.8,238.0,222.6,207.2,191.8,176.4,161.0
8,0,75,75,70,5343.6,5074.2,4804.8,4535.4,4266.0,3996.6,3727.2,3457.8,3188.4,2919.0,2649.6,2380.2,2110.8,1841.4,1572.0,1449.2,1326.4,1203.6,1080.8,958.0,880.0,802.0,724.0,646.0,568.0,534.2,500.4,466.6,432.8,399.0,372.6,346.2,319.8,293.4,267.0,253.4,239.8,226.2,212.6,199.0,8633.2,8163.4,7693.6,7223.8,6754.0,6284.2,5814.4,5344.6,4874.8,4405.0,3935.2,3465.4,2995.6,2525.8,2056.0,1870.4,1684.8,1499.2,1313.6,1128.0,1036.6,945.2,853.8,762.4,671.0,629.2,587.4,545.6,503.8,462.0,434.4,406.8,379.2,351.6,324.0,307.6,291.2,274.8,258.4,242.0
8,0,75,75,120,5206.4,4917.8,4629.2,4340.6,4052.0,3763.4,3474.8,3186.2,2897.6,2609.0,2320.4,2031.8,1743.2,1454.6,1166.0,1060.4,954.8,849.2,743.6,638.0,582.4,526.8,471.2,415.6,360.0,336.8,313.6,290.4,267.2,244.0,227.2,210.4,193.6,176.8,160.0,151.8,143.6,135.4,127.2,119.0,8235.8,7783.6,7331.4,6879.2,6427.0,5974.8,5522.6,5070.4,4618.2,4166.0,3713.8,3261.6,2809.4,2357.2,1905.0,1722.8,1540.6,1358.4,1176.2,994.0,904.4,814.8,725.2,635.6,546.0,509.2,472.4,435.6,398.8,362.0,337.2,312.4,287.6,262.8,238.0,222.6,207.2,191.8,176.4,161.0
9,0,40,80,70,6230.0,5916.0,5602.0,5288.0,4974.0,4660.0,4346.0,4032.0,3718.0,3404.0,3090.0,2776.0,2462.0,2148.0,1834.0,1682.2,1530.4,1378.6,1226.8,1075.0,993.2,911.4,829.6,747.8,666.0,624.2,582.4,540.6,498.8,457.0,428.2,399.4,370.6,341.8,313.0,295.8,278.6,261.4,244.2,227.0,8681.0,8219.0,7757.0,7295.0,6833.0,6371.0,5909.0,5447.0,4985.0,4523.0,4061.0,3599.0,3137.0,2675.0,2213.0,2016.2,1819.4,1622.6,1425.8,1229.0,1130.8,1032.6,934.4,836.2,738.0,689.0,640.0,591.0,542.0,493.0,461.4,429.8,398.2,366.6,335.0,317.4,299.8,282.2,264.6,247.0
9,0,40,80,120,5425.0,5146.0,4867.0,4588.0,4309.0,4030.0,3751.0,3472.0,3193.0,2914.0,2635.0,2356.0,2077.0,1798.0,1519.0,1396.6,1274.2,1151.8,1029.4,907.0,838.6,770.2,701.8,633.4,565.0,529.6,494.2,458.8,423.4,388.0,362.2,336.4,310.6,284.8,259.0,243.2,227.4,211.6,195.8,180.0,8525.4,8066.8,7608.2,7149.6,6691.0,6232.4,5773.8,5315.2,4856.6,4398.0,3939.4,3480.8,3022.2,2563.6,2105.0,1912.4,1719.8,1527.2,1334.6,1142.0,1046.8,951.6,856.4,761.2,666.0,619.2,572.4,525.6,478.8,432.0,402.6,373.2,343.8,314.4,285.0,270.0,255.0,240.0,225.0,210.0
9,0,50,100,70,6126.6,5814.2,5501.8,5189.4,4877.0,4564.6,4252.2,3939.8,3627.4,3315.0,3002.6,2690.2,2377.8,2065.4,1753.0,1610.6,1468.2,1325.8,1183.4,1041.0,964.8,888.6,812.4,736.2,660.0,618.0,576.0,534.0,492.0,450.0,421.8,393.6,365.4,337.2,309.0,292.4,275.8,259.2,242.6,226.0,9411.6,8898.2,8384.8,7871.4,7358.0,6844.6,6331.2,5817.8,5304.4,4791.0,4277.6,3764.2,3250.8,2737.4,2224.0,2021.0,1818.0,1615.0,1412.0,1209.0,1111.2,1013.4,915.6,817.8,720.0,672.0,624.0,576.0,528.0,480.0,449.2,418.4,387.6,356.8,326.0,308.8,291.6,274.4,257.2,240.0
9,0,50,100,120,5104.0,4839.0,4574.0,4309.0,4044.0,3779.0,3514.0,3249.0,2984.0,2719.0,2454.0,2189.0,1924.0,1659.0,1394.0,1280.8,1167.6,1054.4,941.2,828.0,767.4,706.8,646.2,585.6,525.0,487.6,450.2,412.8,375.4,338.0,314.6,291.2,267.8,244.4,221.0,210.0,199.0,188.0,177.0,166.0,8778.2,8299.4,7820.6,7341.8,6863.0,6384.2,5905.4,5426.6,4947.8,4469.0,3990.2,3511.4,3032.6,2553.8,2075.0,1879.4,1683.8,1488.2,1292.6,1097.0,1005.8,914.6,823.4,732.2,641.0,595.2,549.4,503.6,457.8,412.0,384.4,356.8,329.2,301.6,274.0,259.8,245.6,231.4,217.2,203.0
9,0,75,75,70,5669.0,5383.0,5097.0,4811.0,4525.0,4239.0,3953.0,3667.0,3381.0,3095.0,2809.0,2523.0,2237.0,1951.0,1665.0,1534.0,1403.0,1272.0,1141.0,1010.0,936.4,862.8,789.2,715.6,642.0,600.2,558.4,516.6,474.8,433.0,404.0,375.0,346.0,317.0,288.0,274.0,260.0,246.0,232.0,218.0,8494.0,8038.0,7582.0,7126.0,6670.0,6214.0,5758.0,5302.0,4846.0,4390.0,3934.0,3478.0,3022.0,2566.0,2110.0,1921.6,1733.2,1544.8,1356.4,1168.0,1073.4,978.8,884.2,789.6,695.0,649.8,604.6,559.4,514.2,469.0,440.0,411.0,382.0,353.0,324.0,307.0,290.0,273.0,256.0,239.0
9,0,75,75,120,5470.2,5187.4,4904.6,4621.8,4339.0,4056.2,3773.4,3490.6,3207.8,2925.0,2642.2,2359.4,2076.6,1793.8,1511.0,1386.8,1262.6,1138.4,1014.2,890.0,823.0,756.0,689.0,622.0,555.0,519.8,484.6,449.4,414.2,379.0,352.6,326.2,299.8,273.4,247.0,231.8,216.6,201.4,186.2,171.0,8493.4,8032.8,7572.2,7111.6,6651.0,6190.4,5729.8,5269.2,4808.6,4348.0,3887.4,3426.8,2966.2,2505.6,2045.0,1854.6,1664.2,1473.8,1283.4,1093.0,1000.8,908.6,816.4,724.2,632.0,587.4,542.8,498.2,453.6,409.0,382.0,355.0,328.0,301.0,274.0,259.6,245.2,230.8,216.4,202.0
11,0,40,80,70,6515.8,6168.6,5821.4,5474.2,5127.0,4779.8,4432.6,4085.4,3738.2,3391.0,3043.8,2696.6,2349.4,2002.2,1655.0,1523.8,1392.6,1261.4,1130.2,999.0,914.8,830.6,746.4,662.2,578.0,540.4,502.8,465.2,427.6,390.0,362.8,335.6,308.4,281.2,254.0,238.8,223.6,208.4,193.2,178.0,8945.0,8471.0,7997.0,7523.0,7049.0,6575.0,6101.0,5627.0,5153.0,4679.0,4205.0,3731.0,3257.0,2783.0,2309.0,2105.0,1901.0,1697.0,1493.0,1289.0,1185.2,1081.4,977.6,873.8,770.0,718.8,667.6,616.4,565.2,514.0,480.8,447.6,414.4,381.2,348.0,328.6,309.2,289.8,270.4,251.0
11,0,40,80,120,6068.2,5749.4,5430.6,5111.8,4793.0,4474.2,4155.4,3836.6,3517.8,3199.0,2880.2,2561.4,2242.6,1923.8,1605.0,1469.4,1333.8,1198.2,1062.6,927.0,851.8,776.6,701.4,626.2,551.0,514.4,477.8,441.2,404.6,368.0,343.8,319.6,295.4,271.2,247.0,231.6,216.2,200.8,185.4,170.0,9033.8,8547.6,8061.4,7575.2,7089.0,6602.8,6116.6,5630.4,5144.2,4658.0,4171.8,3685.6,3199.4,2713.2,2227.0,2023.2,1819.4,1615.6,1411.8,1208.0,1105.8,1003.6,901.4,799.2,697.0,647.8,598.6,549.4,500.2,451.0,420.0,389.0,358.0,327.0,296.0,279.0,262.0,245.0,228.0,211.0
11,0,50,100,70,6803.6,6457.2,6110.8,5764.4,5418.0,5071.6,4725.2,4378.8,4032.4,3686.0,3339.6,2993.2,2646.8,2300.4,1954.0,1797.2,1640.4,1483.6,1326.8,1170.0,1083.4,996.8,910.2,823.6,737.0,686.0,635.0,584.0,533.0,482.0,449.8,417.6,385.4,353.2,321.0,303.0,285.0,267.0,249.0,231.0,9188.0,8701.0,8214.0,7727.0,7240.0,6753.0,6266.0,5779.0,5292.0,4805.0,4318.0,3831.0,3344.0,2857.0,2370.0,2161.4,1952.8,1744.2,1535.6,1327.0,1217.6,1108.2,998.8,889.4,780.0,728.6,677.2,625.8,574.4,523.0,489.6,456.2,422.8,389.4,356.0,336.6,317.2,297.8,278.4,259.0
11,0,50,100,120,6203.6,5879.2,5554.8,5230.4,4906.0,4581.6,4257.2,3932.8,3608.4,3284.0,2959.6,2635.2,2310.8,1986.4,1662.0,1529.2,1396.4,1263.6,1130.8,998.0,921.4,844.8,768.2,691.6,615.0,572.6,530.2,487.8,445.4,403.0,373.6,344.2,314.8,285.4,256.0,238.0,220.0,202.0,184.0,166.0,9156.2,8660.4,8164.6,7668.8,7173.0,6677.2,6181.4,5685.6,5189.8,4694.0,4198.2,3702.4,3206.6,2710.8,2215.0,2017.2,1819.4,1621.6,1423.8,1226.0,1123.4,1020.8,918.2,815.6,713.0,663.2,613.4,563.6,513.8,464.0,433.0,402.0,371.0,340.0,309.0,291.6,274.2,256.8,239.4,222.0
11,0,75,75,70,6200.0,5887.0,5574.0,5261.0,4948.0,4635.0,4322.0,4009.0,3696.0,3383.0,3070.0,2757.0,2444.0,2131.0,1818.0,1673.2,1528.4,1383.6,1238.8,1094.0,1013.2,932.4,851.6,770.8,690.0,645.4,600.8,556.2,511.6,467.0,435.6,404.2,372.8,341.4,310.0,292.4,274.8,257.2,239.6,222.0,8594.0,8139.0,7684.0,7229.0,6774.0,6319.0,5864.0,5409.0,4954.0,4499.0,4044.0,3589.0,3134.0,2679.0,2224.0,2029.0,1834.0,1639.0,1444.0,1249.0,1148.2,1047.4,946.6,845.8,745.0,695.8,646.6,597.4,548.2,499.0,467.6,436.2,404.8,373.4,342.0,324.0,306.0,288.0,270.0,252.0
11,0,75,75,120,6190.0,5869.0,5548.0,5227.0,4906.0,4585.0,4264.0,3943.0,3622.0,3301.0,2980.0,2659.0,2338.0,2017.0,1696.0,1556.0,1416.0,1276.0,1136.0,996.0,920.2,844.4,768.6,692.8,617.0,575.6,534.2,492.8,451.4,410.0,381.2,352.4,323.6,294.8,266.0,249.0,232.0,215.0,198.0,181.0,9245.0,8745.0,8245.0,7745.0,7245.0,6745.0,6245.0,5745.0,5245.0,4745.0,4245.0,3745.0,3245.0,2745.0,2245.0,2038.0,1831.0,1624.0,1417.0,1210.0,1107.6,1005.2,902.8,800.4,698.0,648.4,598.8,549.2,499.6,450.0,419.6,389.2,358.8,328.4,298.0,281.8,265.6,249.4,233.2,217.0
12,0,40,80,70,7440.8,7065.6,6690.4,6315.2,5940.0,5564.8,5189.6,4814.4,4439.2,4064.0,3688.8,3313.6,2938.4,2563.2,2188.0,1998.4,1808.8,1619.2,1429.6,1240.0,1148.0,1056.0,964.0,872.0,780.0,723.0,666.0,609.0,552.0,495.0,457.2,419.4,381.6,343.8,306.0,285.8,265.6,245.4,225.2,205.0,9945.0,9418.0,8891.0,8364.0,7837.0,7310.0,6783.0,6256.0,5729.0,5202.0,4675.0,4148.0,3621.0,3094.0,2567.0,2338.4,2109.8,1881.2,1652.6,1424.0,1312.4,1200.8,1089.2,977.6,866.0,808.0,750.0,692.0,634.0,576.0,539.8,503.6,467.4,431.2,395.0,373.4,351.8,330.2,308.6,287.0
12,0,40,80,120,6918.2,6560.4,6202.6,5844.8,5487.0,5129.2,4771.4,4413.6,4055.8,3698.0,3340.2,2982.4,2624.6,2266.8,1909.0,1752.4,1595.8,1439.2,1282.6,1126.0,1040.6,955.2,869.8,784.4,699.0,654.6,610.2,565.8,521.4,477.0,446.4,415.8,385.2,354.6,324.0,305.4,286.8,268.2,249.6,231.0,9910.6,9378.2,8845.8,8313.4,7781.0,7248.6,6716.2,6183.8,5651.4,5119.0,4586.6,4054.2,3521.8,2989.4,2457.0,2235.8,2014.6,1793.4,1572.2,1351.0,1238.0,1125.0,1012.0,899.0,786.0,731.4,676.8,622.2,567.6,513.0,479.4,445.8,412.2,378.6,345.0,326.6,308.2,289.8,271.4,253.0
12,0,50,100,70,7118.0,6757.0,6396.0,6035.0,5674.0,5313.0,4952.0,4591.0,4230.0,3869.0,3508.0,3147.0,2786.0,2425.0,2064.0,1895.2,1726.4,1557.6,1388.8,1220.0,1128.2,1036.4,944.6,852.8,761.0,711.8,662.6,613.4,564.2,515.0,481.4,447.8,414.2,380.6,347.0,327.8,308.6,289.4,270.2,251.0,9822.8,9298.6,8774.4,8250.2,7726.0,7201.8,6677.6,6153.4,5629.2,5105.0,4580.8,4056.6,3532.4,3008.2,2484.0,2262.8,2041.6,1820.4,1599.2,1378.0,1265.6,1153.2,1040.8,928.4,816.0,761.4,706.8,652.2,597.6,543.0,507.6,472.2,436.8,401.4,366.0,346.2,326.4,306.6,286.8,267.0
12,0,50,100,120,6283.4,5958.8,5634.2,5309.6,4985.0,4660.4,4335.8,4011.2,3686.6,3362.0,3037.4,2712.8,2388.2,2063.6,1739.0,1595.6,1452.2,1308.8,1165.4,1022.0,943.4,864.8,786.2,707.6,629.0,589.8,550.6,511.4,472.2,433.0,405.0,377.0,349.0,321.0,293.0,276.0,259.0,242.0,225.0,208.0,9267.6,8769.2,8270.8,7772.4,7274.0,6775.6,6277.2,5778.8,5280.4,4782.0,4283.6,3785.2,3286.8,2788.4,2290.0,2081.8,1873.6,1665.4,1457.2,1249.0,1143.8,1038.6,933.4,828.2,723.0,672.2,621.4,570.6,519.8,469.0,438.4,407.8,377.2,346.6,316.0,299.2,282.4,265.6,248.8,232.0
12,0,75,75,70,6651.8,6317.6,5983.4,5649.2,5315.0,4980.8,4646.6,4312.4,3978.2,3644.0,3309.8,2975.6,2641.4,2307.2,1973.0,1806.4,1639.8,1473.2,1306.6,1140.0,1061.6,983.2,904.8,826.4,748.0,697.6,647.2,596.8,546.4,496.0,464.2,432.4,400.6,368.8,337.0,318.0,299.0,280.0,261.0,242.0,9088.4,8604.8,8121.2,7637.6,7154.0,6670.4,6186.8,5703.2,5219.6,4736.0,4252.4,3768.8,3285.2,2801.6,2318.0,2114.4,1910.8,1707.2,1503.6,1300.0,1195.6,1091.2,986.8,882.4,778.0,726.6,675.2,623.8,572.4,521.0,488.6,456.2,423.8,391.4,359.0,340.0,321.0,302.0,283.0,264.0
12,0,75,75,120,6554.4,6214.8,5875.2,5535.6,5196.0,4856.4,4516.8,4177.2,3837.6,3498.0,3158.4,2818.8,2479.2,2139.6,1800.0,1663.0,1526.0,1389.0,1252.0,1115.0,1022.2,929.4,836.6,743.8,651.0,609.4,567.8,526.2,484.6,443.0,414.0,385.0,356.0,327.0,298.0,281.0,264.0,247.0,230.0,213.0,9638.6,9118.2,8597.8,8077.4,7557.0,7036.6,6516.2,5995.8,5475.4,4955.0,4434.6,3914.2,3393.8,2873.4,2353.0,2107.4,1861.8,1616.2,1370.6,1125.0,1047.2,969.4,891.6,813.8,736.0,684.4,632.8,581.2,529.6,478.0,446.0,414.0,382.0,350.0,318.0,301.2,284.4,267.6,250.8,234.0
16,0,40,80,70,9235.0,8752.0,8269.0,7786.0,7303.0,6820.0,6337.0,5854.0,5371.0,4888.0,4405.0,3922.0,3439.0,2956.0,2473.0,2283.4,2093.8,1904.2,1714.6,1525.0,1399.2,1273.4,1147.6,1021.8,896.0,847.8,799.6,751.4,703.2,655.0,607.4,559.8,512.2,464.6,417.0,394.4,371.8,349.2,326.6,304.0,12694.0,12010.0,11326.0,10642.0,9958.0,9274.0,8590.0,7906.0,7222.0,6538.0,5854.0,5170.0,4486.0,3802.0,3118.0,2840.2,2562.4,2284.6,2006.8,1729.0,1587.4,1445.8,1304.2,1162.6,1021.0,951.8,882.6,813.4,744.2,675.0,631.4,587.8,544.2,500.6,457.0,431.8,406.6,381.4,356.2,331.0
16,0,40,80,120,9566.6,9061.2,8555.8,8050.4,7545.0,7039.6,6534.2,6028.8,5523.4,5018.0,4512.6,4007.2,3501.8,2996.4,2491.0,2274.2,2057.4,1840.6,1623.8,1407.0,1298.2,1189.4,1080.6,971.8,863.0,804.2,745.4,686.6,627.8,569.0,531.4,493.8,456.2,418.6,381.0,358.8,336.6,314.4,292.2,270.0,13024.0,12316.0,11608.0,10900.0,10192.0,9484.0,8776.0,8068.0,7360.0,6652.0,5944.0,5236.0,4528.0,3820.0,3112.0,2821.6,2531.2,2240.8,1950.4,1660.0,1521.0,1382.0,1243.0,1104.0,965.0,894.6,824.2,753.8,683.4,613.0,571.2,529.4,487.6,445.8,404.0,382.0,360.0,338.0,316.0,294.0
16,0,50,100,70,7731.6,7337.2,6942.8,6548.4,6154.0,5759.6,5365.2,4970.8,4576.4,4182.0,3787.6,3393.2,2998.8,2604.4,2210.0,2030.8,1851.6,1672.4,1493.2,1314.0,1215.0,1116.0,1017.0,918.0,819.0,767.4,715.8,664.2,612.6,561.0,524.8,488.6,452.4,416.2,380.0,357.6,335.2,312.8,290.4,268.0,10927.4,10342.8,9758.2,9173.6,8589.0,8004.4,7419.8,6835.2,6250.6,5666.0,5081.4,4496.8,3912.2,3327.6,2743.0,2501.2,2259.4,2017.6,1775.8,1534.0,1409.0,1284.0,1159.0,1034.0,909.0,847.4,785.8,724.2,662.6,601.0,562.6,524.2,485.8,447.4,409.0,386.6,364.2,341.8,319.4,297.0
16,0,50,100,120,7600.2,7203.4,6806.6,6409.8,6013.0,5616.2,5219.4,4822.6,4425.8,4029.0,3632.2,3235.4,2838.6,2441.8,2045.0,1880.0,1715.0,1550.0,1385.0,1220.0,1127.8,1035.6,943.4,851.2,759.0,709.4,659.8,610.2,560.6,511.0,477.0,443.0,409.0,375.0,341.0,322.0,303.0,284.0,265.0,246.0,10580.4,10007.8,9435.2,8862.6,8290.0,7717.4,7144.8,6572.2,5999.6,5427.0,4854.4,4281.8,3709.2,3136.6,2564.0,2336.2,2108.4,1880.6,1652.8,1425.0,1306.0,1187.0,1068.0,949.0,830.0,771.0,712.0,653.0,594.0,535.0,500.0,465.0,430.0,395.0,360.0,340.8,321.6,302.4,283.2,264.0
16,0,75,75,70,9027.4,8557.8,8088.2,7618.6,7149.0,6679.4,6209.8,5740.2,5270.6,4801.0,4331.4,3861.8,3392.2,2922.6,2453.0,2249.4,2045.8,1842.2,1638.6,1435.0,1325.8,1216.6,1107.4,998.2,889.0,833.8,778.6,723.4,668.2,613.0,572.0,531.0,490.0,449.0,408.0,385.4,362.8,340.2,317.6,295.0,11530.2,10912.4,10294.6,9676.8,9059.0,8441.2,7823.4,7205.6,6587.8,5970.0,5352.2,4734.4,4116.6,3498.8,2881.0,2633.0,2385.0,2137.0,1889.0,1641.0,1504.4,1367.8,1231.2,1094.6,958.0,893.0,828.0,763.0,698.0,633.0,592.0,551.0,510.0,469.0,428.0,405.0,382.0,359.0,336.0,313.0
16,0,75,75,120,8189.4,7761.8,7334.2,6906.6,6479.0,6051.4,5623.8,5196.2,4768.6,4341.0,3913.4,3485.8,3058.2,2630.6,2203.0,2015.0,1827.0,1639.0,1451.0,1263.0,1165.8,1068.6,971.4,874.2,777.0,723.6,670.2,616.8,563.4,510.0,473.4,436.8,400.2,363.6,327.0,303.8,280.6,257.4,234.2,211.0,11131.8,10534.6,9937.4,9340.2,8743.0,8145.8,7548.6,6951.4,6354.2,5757.0,5159.8,4562.6,3965.4,3368.2,2771.0,2516.8,2262.6,2008.4,1754.2,1500.0,1375.2,1250.4,1125.6,1000.8,876.0,814.0,752.0,690.0,628.0,566.0,529.0,492.0,455.0,418.0,381.0,358.6,336.2,313.8,291.4,269.0
10,0,70,70,70,6153.8,5845.6,5537.4,5229.2,4921.0,4612.8,4304.6,3996.4,3688.2,3380.0,3071.8,2763.6,2455.4,2147.2,1839.0,1694.7,1550.4,1406.1,1261.8,1117.5,1026.7,935.9,845.1,754.3,663.5,628.0,592.5,557.0,521.5,486.0,446.3,406.6,366.9,327.2,287.5,269.1,250.7,232.3,213.9,195.5,8752.2,8286.4,7820.6,7354.8,6889.0,6423.2,5957.4,5491.6,5025.8,4560.0,4094.2,3628.4,3162.6,2696.8,2231.0,2035.7,1840.4,1645.1,1449.8,1254.5,1156.3,1058.1,959.9,861.7,763.5,715.5,667.5,619.5,571.5,523.5,492.9,462.3,431.7,401.1,370.5,351.4,332.3,313.2,294.1,275.0
10,0,70,70,120,5706.3,5412.1,5117.9,4823.7,4529.5,4235.3,3941.1,3646.9,3352.7,3058.5,2764.3,2470.1,2175.9,1881.7,1587.5,1457.6,1327.7,1197.8,1067.9,938.0,867.9,797.8,727.7,657.6,587.5,551.2,514.9,478.6,442.3,406.0,379.9,353.8,327.7,301.6,275.5,257.7,239.9,222.1,204.3,186.5,8801.4,8324.3,7847.2,7370.1,6893.0,6415.9,5938.8,5461.7,4984.6,4507.5,4030.4,3553.3,3076.2,2599.1,2122.0,1923.6,1725.2,1526.8,1328.4,1130.0,1039.3,948.6,857.9,767.2,676.5,632.3,588.1,543.9,499.7,455.5,428.4,401.3,374.2,347.1,320.0,302.5,285.0,267.5,250.0,232.5
8,0,40,40,70,5568.6,5314.7,5060.8,4806.9,4553.0,4299.1,4045.2,3791.3,3537.4,3283.5,3029.6,2775.7,2521.8,2267.9,2014.0,1856.0,1698.0,1540.0,1382.0,1224.0,1126.8,1029.6,932.4,835.2,738.0,698.1,658.2,618.3,578.4,538.5,508.2,477.9,447.6,417.3,387.0,365.3,343.6,321.9,300.2,278.5,8508.2,8063.9,7619.6,7175.3,6731.0,6286.7,5842.4,5398.1,4953.8,4509.5,4065.2,3620.9,3176.6,2732.3,2288.0,2097.9,1907.8,1717.7,1527.6,1337.5,1240.2,1142.9,1045.6,948.3,851.0,800.8,750.6,700.4,650.2,600.0,564.2,528.4,492.6,456.8,421.0,399.4,377.8,356.2,334.6,313.0
8,0,40,40,120,5873.2,5568.9,5264.6,4960.3,4656.0,4351.7,4047.4,3743.1,3438.8,3134.5,2830.2,2525.9,2221.6,1917.3,1613.0,1492.1,1371.2,1250.3,1129.4,1008.5,938.7,868.9,799.1,729.3,659.5,619.8,580.1,540.4,500.7,461.0,432.8,404.6,376.4,348.2,320.0,302.9,285.8,268.7,251.6,234.5,8314.7,7870.9,7427.1,6983.3,6539.5,6095.7,5651.9,5208.1,4764.3,4320.5,3876.7,3432.9,2989.1,2545.3,2101.5,1915.8,1730.1,1544.4,1358.7,1173.0,1078.4,983.8,889.2,794.6,700.0,656.8,613.6,570.4,527.2,484.0,458.5,433.0,407.5,382.0,356.5,338.9,321.3,303.7,286.1,268.5
8,0,50,50,70,5825.0,5535.0,5245.0,4955.0,4665.0,4375.0,4085.0,3795.0,3505.0,3215.0,2925.0,2635.0,2345.0,2055.0,1765.0,1628.8,1492.6,1356.4,1220.2,1084.0,1007.3,930.6,853.9,777.2,700.5,653.2,605.9,558.6,511.3,464.0,434.6,405.2,375.8,346.4,317.0,305.5,294.0,282.5,271.0,259.5,8006.7,7587.4,7168.1,6748.8,6329.5,5910.2,5490.9,5071.6,4652.3,4233.0,3813.7,3394.4,2975.1,2555.8,2136.5,1956.3,1776.1,1595.9,1415.7,1235.5,1144.1,1052.7,961.3,869.9,778.5,734.0,689.5,645.0,600.5,556.0,524.6,493.2,461.8,430.4,399.0,378.9,358.8,338.7,318.6,298.5
8,0,50,50,120,4828.9,4587.8,4346.7,4105.6,3864.5,3623.4,3382.3,3141.2,2900.1,2659.0,2417.9,2176.8,1935.7,1694.6,1453.5,1343.0,1232.5,1122.0,1011.5,901.0,839.4,777.8,716.2,654.6,593.0,558.7,524.4,490.1,455.8,421.5,396.3,371.1,345.9,320.7,295.5,279.7,263.9,248.1,232.3,216.5,8164.7,7723.4,7282.1,6840.8,6399.5,5958.2,5516.9,5075.6,4634.3,4193.0,3751.7,3310.4,2869.1,2427.8,1986.5,1808.1,1629.7,1451.3,1272.9,1094.5,1005.4,916.3,827.2,738.1,649.0,609.0,569.0,529.0,489.0,449.0,426.0,403.0,380.0,357.0,334.0,318.4,302.8,287.2,271.6,256.0
8,0,60,60,70,5255.8,4994.1,4732.4,4470.7,4209.0,3947.3,3685.6,3423.9,3162.2,2900.5,2638.8,2377.1,2115.4,1853.7,1592.0,1477.7,1363.4,1249.1,1134.8,1020.5,947.8,875.1,802.4,729.7,657.0,611.8,566.6,521.4,476.2,431.0,402.9,374.8,346.7,318.6,290.5,279.8,269.1,258.4,247.7,237.0,7718.9,7311.3,6903.7,6496.1,6088.5,5680.9,5273.3,4865.7,4458.1,4050.5,3642.9,3235.3,2827.7,2420.1,2012.5,1843.3,1674.1,1504.9,1335.7,1166.5,1075.8,985.1,894.4,803.7,713.0,672.3,631.6,590.9,550.2,509.5,480.9,452.3,423.7,395.1,366.5,347.6,328.7,309.8,290.9,272.0
8,0,60,60,120,4572.4,4340.3,4108.2,3876.1,3644.0,3411.9,3179.8,2947.7,2715.6,2483.5,2251.4,2019.3,1787.2,1555.1,1323.0,1221.4,1119.8,1018.2,916.6,815.0,755.6,696.2,636.8,577.4,518.0,491.0,464.0,437.0,410.0,383.0,359.9,336.8,313.7,290.6,267.5,253.1,238.7,224.3,209.9,195.5,7896.1,7468.2,7040.3,6612.4,6184.5,5756.6,5328.7,4900.8,4472.9,4045.0,3617.1,3189.2,2761.3,2333.4,1905.5,1730.0,1554.5,1379.0,1203.5,1028.0,942.5,857.0,771.5,686.0,600.5,561.4,522.3,483.2,444.1,405.0,384.2,363.4,342.6,321.8,301.0,287.2,273.4,259.6,245.8,232.0
8,0,70,70,70,5179.9,4924.3,4668.7,4413.1,4157.5,3901.9,3646.3,3390.7,3135.1,2879.5,2623.9,2368.3,2112.7,1857.1,1601.5,1480.2,1358.9,1237.6,1116.3,995.0,920.0,845.0,770.0,695.0,620.0,583.4,546.8,510.2,473.6,437.0,409.7,382.4,355.1,327.8,300.5,284.5,268.5,252.5,236.5,220.5,8281.6,7836.2,7390.8,6945.4,6500.0,6054.6,5609.2,5163.8,4718.4,4273.0,3827.6,3382.2,2936.8,2491.4,2046.0,1867.4,1688.8,1510.2,1331.6,1153.0,1060.0,967.0,874.0,781.0,688.0,647.1,606.2,565.3,524.4,483.5,455.4,427.3,399.2,371.1,343.0,325.6,308.2,290.8,273.4,256.0
8,0,70,70,120,4772.4,4518.3,4264.2,4010.1,3756.0,3501.9,3247.8,2993.7,2739.6,2485.5,2231.4,1977.3,1723.2,1469.1,1215.0,1113.4,1011.8,910.2,808.6,707.0,649.7,592.4,535.1,477.8,420.5,398.1,375.7,353.3,330.9,308.5,288.9,269.3,249.7,230.1,210.5,199.6,188.7,177.8,166.9,156.0,7922.7,7491.4,7060.1,6628.8,6197.5,5766.2,5334.9,4903.6,4472.3,4041.0,3609.7,3178.4,2747.1,2315.8,1884.5,1706.0,1527.5,1349.0,1170.5,992.0,906.3,820.6,734.9,649.2,563.5,526.3,489.1,451.9,414.7,377.5,355.1,332.7,310.3,287.9,265.5,251.2,236.9,222.6,208.3,194.0
7,0,40,40,70,4762.2,4543.4,4324.6,4105.8,3887.0,3668.2,3449.4,3230.6,3011.8,2793.0,2574.2,2355.4,2136.6,1917.8,1699.0,1564.8,1430.6,1296.4,1162.2,1028.0,953.4,878.8,804.2,729.6,655.0,609.2,563.4,517.6,471.8,426.0,405.3,384.6,363.9,343.2,322.5,303.9,285.3,266.7,248.1,229.5,6802.8,6456.1,6109.4,5762.7,5416.0,5069.3,4722.6,4375.9,4029.2,3682.5,3335.8,2989.1,2642.4,2295.7,1949.0,1794.5,1640.0,1485.5,1331.0,1176.5,1094.7,1012.9,931.1,849.3,767.5,721.7,675.9,630.1,584.3,538.5,505.8,473.1,440.4,407.7,375.0,354.0,333.0,312.0,291.0,270.0
7,0,40,40,120,4705.1,4461.2,4217.3,3973.4,3729.5,3485.6,3241.7,2997.8,2753.9,2510.0,2266.1,2022.2,1778.3,1534.4,1290.5,1179.9,1069.3,958.7,848.1,737.5,671.4,605.3,539.2,473.1,407.0,379.5,352.0,324.5,297.0,269.5,247.5,225.5,203.5,181.5,159.5,149.8,140.1,130.4,120.7,111.0,6651.2,6299.9,5948.6,5597.3,5246.0,4894.7,4543.4,4192.1,3840.8,3489.5,3138.2,2786.9,2435.6,2084.3,1733.0,1586.9,1440.8,1294.7,1148.6,1002.5,927.4,852.3,777.2,702.1,627.0,589.7,552.4,515.1,477.8,440.5,414.4,388.3,362.2,336.1,310.0,293.7,277.4,261.1,244.8,228.5
7,0,55,55,70,5543.1,5257.6,4972.1,4686.5,4401.0,4115.5,3829.9,3544.4,3258.9,2973.3,2687.8,2402.3,2116.7,1831.2,1545.7,1397.5,1249.4,1101.3,953.1,805.0,729.6,654.2,578.8,503.4,428.0,397.5,367.1,336.6,306.1,275.7,256.9,238.2,219.5,200.7,182.0,173.0,164.0,155.0,146.0,137.0,6962.3,6592.9,6223.5,5854.1,5484.7,5115.3,4745.9,4376.5,4007.1,3637.7,3268.3,2898.9,2529.5,2160.1,1790.7,1638.7,1486.7,1334.7,1182.7,1030.7,956.3,881.9,807.5,733.1,658.7,619.7,580.8,541.9,502.9,464.0,436.5,409.1,381.6,354.1,326.7,309.5,292.4,275.3,258.1,241.0
7,0,55,55,120,4406.9,4183.1,3959.3,3735.5,3511.7,3287.9,3064.1,2840.3,2616.5,2392.7,2168.9,1945.1,1721.3,1497.5,1273.7,1175.7,1077.7,979.7,881.7,783.7,728.7,673.8,618.9,563.9,509.0,477.3,445.7,414.0,382.3,350.7,328.1,305.6,283.1,260.5,238.0,225.0,212.0,199.0,186.0,173.0,6531.7,6183.3,5835.0,5486.7,5138.3,4790.0,4441.7,4093.3,3745.0,3396.7,3048.3,2700.0,2351.7,2003.3,1655.0,1514.3,1373.5,1232.8,1092.1,951.3,878.0,804.7,731.3,658.0,584.7,549.1,513.5,477.9,442.3,406.7,380.2,353.7,327.3,300.8,274.3,260.9,247.5,234.1,220.7,207.3
7,0,60,60,70,5764.1,5467.8,5171.5,4875.3,4579.0,4282.7,3986.5,3690.2,3393.9,3097.7,2801.4,2505.1,2208.9,1912.6,1616.3,1473.9,1331.4,1188.9,1046.5,904.0,827.4,750.8,674.2,597.6,521.0,486.1,451.1,416.2,381.3,346.3,323.5,300.6,277.7,254.9,232.0,219.8,207.6,195.4,183.2,171.0,7382.5,6987.7,6592.9,6198.1,5803.3,5408.5,5013.7,4618.9,4224.1,3829.3,3434.5,3039.7,2644.9,2250.1,1855.3,1693.9,1532.5,1371.1,1209.7,1048.3,969.5,890.7,811.9,733.1,654.3,614.9,575.4,535.9,496.5,457.0,429.7,402.3,375.0,347.7,320.3,303.5,286.6,269.7,252.9,236.0
7,0,60,60,120,4722.1,4478.9,4235.7,3992.5,3749.3,3506.1,3262.9,3019.7,2776.5,2533.3,2290.1,2046.9,1803.7,1560.5,1317.3,1212.9,1108.5,1004.1,899.7,795.3,737.9,680.4,622.9,565.5,508.0,476.3,444.5,412.8,381.1,349.3,327.1,304.8,282.5,260.3,238.0,224.6,211.2,197.8,184.4,171.0,7031.9,6651.9,6271.8,5891.7,5511.7,5131.6,4751.5,4371.5,3991.4,3611.3,3231.3,2851.2,2471.1,2091.1,1711.0,1560.7,1410.5,1260.2,1109.9,959.7,881.6,803.5,725.5,647.4,569.3,533.1,496.9,460.7,424.5,388.3,364.4,340.5,316.5,292.6,268.7,255.5,242.3,229.1,215.9,202.7
7,0,70,70,70,5394.4,5118.3,4842.2,4566.1,4290.0,4013.9,3737.8,3461.7,3185.6,2909.5,2633.4,2357.3,2081.2,1805.1,1529.0,1407.1,1285.2,1163.3,1041.4,919.5,848.3,777.1,705.9,634.7,563.5,528.1,492.7,457.3,421.9,386.5,361.7,336.9,312.1,287.3,262.5,247.9,233.3,218.7,204.1,189.5,7126.3,6744.1,6361.9,5979.7,5597.5,5215.3,4833.1,4450.9,4068.7,3686.5,3304.3,2922.1,2539.9,2157.7,1775.5,1618.8,1462.1,1305.4,1148.7,992.0,913.7,835.4,757.1,678.8,600.5,563.3,526.1,488.9,451.7,414.5,389.9,365.3,340.7,316.1,291.5,276.1,260.7,245.3,229.9,214.5
7,0,70,70,120,4784.5,4533.5,4282.5,4031.5,3780.5,3529.5,3278.5,3027.5,2776.5,2525.5,2274.5,2023.5,1772.5,1521.5,1270.5,1167.8,1065.1,962.4,859.7,757.0,700.6,644.2,587.8,531.4,475.0,445.4,415.8,386.2,356.6,327.0,306.1,285.2,264.3,243.4,222.5,209.8,197.1,184.4,171.7,159.0,7031.9,6647.3,6262.7,5878.1,5493.5,5108.9,4724.3,4339.7,3955.1,3570.5,3185.9,2801.3,2416.7,2032.1,1647.5,1499.0,1350.5,1202.0,1053.5,905.0,828.0,751.0,674.0,597.0,520.0,485.2,450.4,415.6,380.8,346.0,325.4,304.8,284.2,263.6,243.0,231.2,219.4,207.6,195.8,184.0
9,0,40,40,70,6928.3,6592.1,6255.9,5919.7,5583.5,5247.3,4911.1,4574.9,4238.7,3902.5,3566.3,3230.1,2893.9,2557.7,2221.5,2060.1,1898.7,1737.3,1575.9,1414.5,1301.1,1187.7,1074.3,960.9,847.5,800.4,753.3,706.2,659.1,612.0,582.2,552.4,522.6,492.8,463.0,441.9,420.8,399.7,378.6,357.5,9099.0,8629.5,8160.0,7690.5,7221.0,6751.5,6282.0,5812.5,5343.0,4873.5,4404.0,3934.5,3465.0,2995.5,2526.0,2318.4,2110.8,1903.2,1695.6,1488.0,1383.0,1278.0,1173.0,1068.0,963.0,909.7,856.4,803.1,749.8,696.5,658.7,620.9,583.1,545.3,507.5,484.0,460.5,437.0,413.5,390.0
9,0,40,40,120,5038.5,4793.0,4547.5,4302.0,4056.5,3811.0,3565.5,3320.0,3074.5,2829.0,2583.5,2338.0,2092.5,1847.0,1601.5,1477.3,1353.1,1228.9,1104.7,980.5,912.8,845.1,777.4,709.7,642.0,610.2,578.4,546.6,514.8,483.0,453.7,424.4,395.1,365.8,336.5,320.2,303.9,287.6,271.3,255.0,8685.9,8232.3,7778.7,7325.1,6871.5,6417.9,5964.3,5510.7,5057.1,4603.5,4149.9,3696.3,3242.7,2789.1,2335.5,2133.2,1930.9,1728.6,1526.3,1324.0,1223.2,1122.4,1021.6,920.8,820.0,775.1,730.2,685.3,640.4,595.5,564.2,532.9,501.6,470.3,439.0,419.9,400.8,381.7,362.6,343.5
9,0,55,55,70,5753.2,5478.9,5204.6,4930.3,4656.0,4381.7,4107.4,3833.1,3558.8,3284.5,3010.2,2735.9,2461.6,2187.3,1913.0,1774.9,1636.8,1498.7,1360.6,1222.5,1123.5,1024.5,925.5,826.5,727.5,685.7,643.9,602.1,560.3,518.5,489.7,460.9,432.1,403.3,374.5,355.3,336.1,316.9,297.7,278.5,8700.2,8240.4,7780.6,7320.8,6861.0,6401.2,5941.4,5481.6,5021.8,4562.0,4102.2,3642.4,3182.6,2722.8,2263.0,2078.8,1894.6,1710.4,1526.2,1342.0,1244.4,1146.8,1049.2,951.6,854.0,807.7,761.4,715.1,668.8,622.5,589.7,556.9,524.1,491.3,458.5,438.7,418.9,399.1,379.3,359.5
9,0,55,55,120,5583.9,5303.8,5023.7,4743.6,4463.5,4183.4,3903.3,3623.2,3343.1,3063.0,2782.9,2502.8,2222.7,1942.6,1662.5,1541.5,1420.5,1299.5,1178.5,1057.5,987.4,917.3,847.2,777.1,707.0,664.6,622.2,579.8,537.4,495.0,466.6,438.2,409.8,381.4,353.0,336.4,319.8,303.2,286.6,270.0,8746.9,8278.8,7810.7,7342.6,6874.5,6406.4,5938.3,5470.2,5002.1,4534.0,4065.9,3597.8,3129.7,2661.6,2193.5,2003.0,1812.5,1622.0,1431.5,1241.0,1144.3,1047.6,950.9,854.2,757.5,713.0,668.5,624.0,579.5,535.0,508.3,481.6,454.9,428.2,401.5,385.2,368.9,352.6,336.3,320.0
9,0,65,65,70,5348.6,5097.5,4846.5,4595.4,4344.3,4093.3,3842.2,3591.1,3340.1,3089.0,2837.9,2586.9,2335.8,2084.7,1833.7,1695.9,1558.1,1420.3,1282.5,1144.7,1066.1,987.6,909.1,830.5,752.0,708.2,664.4,620.6,576.8,533.0,502.3,471.5,440.8,410.1,379.3,359.1,338.8,318.5,298.3,278.0,8592.7,8138.0,7683.3,7228.7,6774.0,6319.3,5864.7,5410.0,4955.3,4500.7,4046.0,3591.3,3136.7,2682.0,2227.3,2037.5,1847.6,1657.7,1467.9,1278.0,1181.1,1084.3,987.4,890.5,793.7,748.2,702.7,657.3,611.8,566.3,535.9,505.4,474.9,444.5,414.0,395.3,376.5,357.8,339.1,320.3
9,0,65,65,120,5500.1,5221.8,4943.5,4665.3,4387.0,4108.7,3830.5,3552.2,3273.9,2995.7,2717.4,2439.1,2160.9,1882.6,1604.3,1481.7,1359.1,1236.5,1113.9,991.3,922.6,853.9,785.1,716.4,647.7,610.1,572.5,534.9,497.3,459.7,433.7,407.7,381.7,355.7,329.7,312.1,294.5,276.9,259.3,241.7,8639.1,8175.6,7712.1,7248.5,6785.0,6321.5,5857.9,5394.4,4930.9,4467.3,4003.8,3540.3,3076.7,2613.2,2149.7,1957.1,1764.6,1572.1,1379.5,1187.0,1092.5,998.1,903.6,809.1,714.7,669.7,624.7,579.7,534.7,489.7,463.7,437.8,411.9,385.9,360.0,344.4,328.8,313.2,297.6,282.0
9,0,70,70,70,5508.8,5240.3,4971.7,4703.2,4434.7,4166.1,3897.6,3629.1,3360.5,3092.0,2823.5,2554.9,2286.4,2017.9,1749.3,1614.9,1480.5,1346.1,1211.7,1077.3,1001.3,925.2,849.1,773.1,697.0,654.2,611.4,568.6,525.8,483.0,453.1,423.3,393.4,363.5,333.7,316.5,299.4,282.3,265.1,248.0,8543.3,8088.0,7632.7,7177.3,6722.0,6266.7,5811.3,5356.0,4900.7,4445.3,3990.0,3534.7,3079.3,2624.0,2168.7,1979.5,1790.4,1601.3,1412.1,1223.0,1127.3,1031.5,935.8,840.1,744.3,699.0,653.7,608.3,563.0,517.7,487.9,458.2,428.5,398.7,369.0,351.1,333.3,315.4,297.5,279.7
9,0,70,70,120,5485.1,5204.6,4924.1,4643.5,4363.0,4082.5,3801.9,3521.4,3240.9,2960.3,2679.8,2399.3,2118.7,1838.2,1557.7,1434.3,1310.9,1187.5,1064.1,940.7,872.8,804.9,737.1,669.2,601.3,564.9,528.5,492.1,455.7,419.3,393.1,366.9,340.7,314.5,288.3,271.9,255.5,239.1,222.7,206.3,8566.3,8104.2,7642.1,7180.1,6718.0,6255.9,5793.9,5331.8,4869.7,4407.7,3945.6,3483.5,3021.5,2559.4,2097.3,1905.9,1714.4,1522.9,1331.5,1140.0,1046.7,953.3,860.0,766.7,673.3,628.5,583.7,538.9,494.1,449.3,422.9,396.4,369.9,343.5,317.0,302.0,287.0,272.0,257.0,242.0
11,0,35,35,70,7794.9,7410.2,7025.5,6640.7,6256.0,5871.3,5486.5,5101.8,4717.1,4332.3,3947.6,3562.9,3178.1,2793.4,2408.7,2224.4,2040.1,1855.9,1671.6,1487.3,1371.3,1255.2,1139.1,1023.1,907.0,849.8,792.6,735.4,678.2,621.0,578.9,536.9,494.8,452.7,410.7,384.6,358.5,332.5,306.4,280.3,10079.1,9553.8,9028.5,8503.3,7978.0,7452.7,6927.5,6402.2,5876.9,5351.7,4826.4,4301.1,3775.9,3250.6,2725.3,2495.9,2266.4,2036.9,1807.5,1578.0,1461.3,1344.7,1228.0,1111.3,994.7,933.9,873.1,812.3,751.5,690.7,647.3,604.0,560.7,517.3,474.0,447.5,421.1,394.6,368.1,341.7
11,0,35,35,120,6626.1,6297.8,5969.5,5641.3,5313.0,4984.7,4656.5,4328.2,3999.9,3671.7,3343.4,3015.1,2686.9,2358.6,2030.3,1874.8,1719.3,1563.7,1408.2,1252.7,1165.2,1077.7,990.3,902.8,815.3,764.7,714.1,663.5,612.9,562.3,525.3,488.2,451.1,414.1,377.0,355.3,333.7,312.0,290.3,268.7,9540.1,9038.3,8536.4,8034.5,7532.7,7030.8,6528.9,6027.1,5525.2,5023.3,4521.5,4019.6,3517.7,3015.9,2514.0,2310.1,2106.1,1902.2,1698.3,1494.3,1370.9,1247.5,1124.1,1000.7,877.3,824.4,771.5,718.5,665.6,612.7,572.3,532.0,491.7,451.3,411.0,389.4,367.8,346.2,324.6,303.0
11,0,40,40,70,7447.9,7081.4,6714.9,6348.5,5982.0,5615.5,5249.1,4882.6,4516.1,4149.7,3783.2,3416.7,3050.3,2683.8,2317.3,2140.0,1962.7,1785.3,1608.0,1430.7,1313.9,1197.2,1080.5,963.7,847.0,795.6,744.2,692.8,641.4,590.0,550.5,510.9,471.4,431.9,392.3,364.2,336.1,307.9,279.8,251.7,9732.9,9226.2,8719.5,8212.7,7706.0,7199.3,6692.5,6185.8,5679.1,5172.3,4665.6,4158.9,3652.1,3145.4,2638.7,2417.3,2196.0,1974.7,1753.3,1532.0,1420.9,1309.7,1198.6,1087.5,976.3,917.3,858.3,799.3,740.3,681.3,639.7,598.0,556.3,514.7,473.0,447.1,421.1,395.2,369.3,343.3
11,0,40,40,120,6402.9,6085.2,5767.5,5449.7,5132.0,4814.3,4496.5,4178.8,3861.1,3543.3,3225.6,2907.9,2590.1,2272.4,1954.7,1806.0,1657.3,1508.7,1360.0,1211.3,1128.2,1045.1,961.9,878.8,795.7,747.3,698.9,650.5,602.1,553.7,517.7,481.8,445.9,409.9,374.0,352.7,331.3,310.0,288.7,267.3,9458.9,8961.7,8464.6,7967.5,7470.3,6973.2,6476.1,5978.9,5481.8,4984.7,4487.5,3990.4,3493.3,2996.1,2499.0,2293.7,2088.5,1883.2,1677.9,1472.7,1353.1,1233.5,1113.9,994.3,874.7,822.0,769.3,716.7,664.0,611.3,571.3,531.2,491.1,451.1,411.0,390.2,369.4,348.6,327.8,307.0
11,0,50,50,70,7299.2,6926.9,6554.6,6182.3,5810.0,5437.7,5065.4,4693.1,4320.8,3948.5,3576.2,3203.9,2831.6,2459.3,2087.0,1938.7,1790.4,1642.1,1493.8,1345.5,1233.8,1122.1,1010.4,898.7,787.0,735.5,684.0,632.5,581.0,529.5,497.8,466.1,434.4,402.7,371.0,346.2,321.4,296.6,271.8,247.0,9383.3,8891.1,8398.9,7906.7,7414.5,6922.3,6430.1,5937.9,5445.7,4953.5,4461.3,3969.1,3476.9,2984.7,2492.5,2283.3,2074.1,1864.9,1655.7,1446.5,1341.9,1237.3,1132.7,1028.1,923.5,868.7,813.9,759.1,704.3,649.5,610.6,571.7,532.8,493.9,455.0,431.0,407.0,383.0,359.0,335.0
11,0,50,50,120,6101.3,5795.6,5489.9,5184.2,4878.5,4572.8,4267.1,3961.4,3655.7,3350.0,3044.3,2738.6,2432.9,2127.2,1821.5,1682.3,1543.1,1403.9,1264.7,1125.5,1048.4,971.3,894.2,817.1,740.0,695.6,651.2,606.8,562.4,518.0,485.1,452.2,419.3,386.4,353.5,333.6,313.7,293.8,273.9,254.0,9216.0,8728.0,8240.0,7752.0,7264.0,6776.0,6288.0,5800.0,5312.0,4824.0,4336.0,3848.0,3360.0,2872.0,2384.0,2179.2,1974.4,1769.6,1564.8,1360.0,1250.7,1141.4,1032.1,922.8,813.5,762.9,712.3,661.7,611.1,560.5,526.1,491.7,457.3,422.9,388.5,369.5,350.5,331.5,312.5,293.5
11,0,60,60,70,6664.2,6328.9,5993.6,5658.3,5323.0,4987.7,4652.4,4317.1,3981.8,3646.5,3311.2,2975.9,2640.6,2305.3,1970.0,1832.8,1695.6,1558.4,1421.2,1284.0,1181.3,1078.6,975.9,873.2,770.5,714.7,658.9,603.1,547.3,491.5,464.2,436.9,409.6,382.3,355.0,336.7,318.4,300.1,281.8,263.5,9027.2,8553.4,8079.6,7605.8,7132.0,6658.2,6184.4,5710.6,5236.8,4763.0,4289.2,3815.4,3341.6,2867.8,2394.0,2189.6,1985.2,1780.8,1576.4,1372.0,1269.6,1167.2,1064.8,962.4,860.0,808.6,757.2,705.8,654.4,603.0,567.6,532.2,496.8,461.4,426.0,404.5,383.0,361.5,340.0,318.5
11,0,60,60,120,5978.4,5675.3,5372.2,5069.1,4766.0,4462.9,4159.8,3856.7,3553.6,3250.5,2947.4,2644.3,2341.2,2038.1,1735.0,1599.9,1464.8,1329.7,1194.6,1059.5,985.5,911.5,837.5,763.5,689.5,647.2,604.9,562.6,520.3,478.0,448.5,419.0,389.5,360.0,330.5,311.0,291.5,272.0,252.5,233.0,9150.1,8660.2,8170.3,7680.4,7190.5,6700.6,6210.7,5720.8,5230.9,4741.0,4251.1,3761.2,3271.3,2781.4,2291.5,2086.2,1880.9,1675.6,1470.3,1265.0,1162.5,1060.0,957.5,855.0,752.5,703.0,653.5,604.0,554.5,505.0,476.4,447.8,419.2,390.6,362.0,343.8,325.6,307.4,289.2,271.0
11,0,70,70,70,6015.4,5721.8,5428.2,5134.6,4841.0,4547.4,4253.8,3960.2,3666.6,3373.0,3079.4,2785.8,2492.2,2198.6,1905.0,1758.5,1612.0,1465.5,1319.0,1172.5,1082.4,992.3,902.2,812.1,722.0,672.6,623.2,573.8,524.4,475.0,445.2,415.4,385.6,355.8,326.0,308.6,291.2,273.8,256.4,239.0,8634.3,8181.1,7727.9,7274.7,6821.5,6368.3,5915.1,5461.9,5008.7,4555.5,4102.3,3649.1,3195.9,2742.7,2289.5,2090.2,1890.9,1691.6,1492.3,1293.0,1192.0,1091.0,990.0,889.0,788.0,738.2,688.4,638.6,588.8,539.0,506.8,474.6,442.4,410.2,378.0,358.8,339.6,320.4,301.2,282.0
11,0,70,70,120,6062.0,5750.5,5439.0,5127.5,4816.0,4504.5,4193.0,3881.5,3570.0,3258.5,2947.0,2635.5,2324.0,2012.5,1701.0,1564.2,1427.4,1290.6,1153.8,1017.0,942.8,868.6,794.4,720.2,646.0,604.3,562.6,520.9,479.2,437.5,409.1,380.7,352.3,323.9,295.5,276.9,258.3,239.7,221.1,202.5,9245.4,8747.3,8249.2,7751.1,7253.0,6754.9,6256.8,5758.7,5260.6,4762.5,4264.4,3766.3,3268.2,2770.1,2272.0,2064.7,1857.4,1650.1,1442.8,1235.5,1133.2,1030.9,928.6,826.3,724.0,674.1,624.2,574.3,524.4,474.5,445.2,415.9,386.6,357.3,328.0,310.7,293.4,276.1,258.8,241.5
12,0,40,40,70,7413.0,7051.5,6690.0,6328.5,5967.0,5605.5,5244.0,4882.5,4521.0,4159.5,3798.0,3436.5,3075.0,2713.5,2352.0,2174.3,1996.6,1818.9,1641.2,1463.5,1347.2,1230.9,1114.6,998.3,882.0,830.6,779.2,727.8,676.4,625.0,585.6,546.2,506.8,467.4,428.0,406.0,384.0,362.0,340.0,318.0,9477.6,8984.7,8491.8,7998.9,7506.0,7013.1,6520.2,6027.3,5534.4,5041.5,4548.6,4055.7,3562.8,3069.9,2577.0,2365.4,2153.8,1942.2,1730.6,1519.0,1406.9,1294.8,1182.7,1070.6,958.5,900.9,843.3,785.7,728.1,670.5,629.5,588.5,547.5,506.5,465.5,442.3,419.1,395.9,372.7,349.5
12,0,40,40,120,6442.9,6131.8,5820.7,5509.6,5198.5,4887.4,4576.3,4265.2,3954.1,3643.0,3331.9,3020.8,2709.7,2398.6,2087.5,1913.4,1739.3,1565.2,1391.1,1217.0,1128.1,1039.2,950.3,861.4,772.5,721.2,669.9,618.6,567.3,516.0,481.3,446.6,411.9,377.2,342.5,318.7,294.9,271.1,247.3,223.5,9146.9,8672.8,8198.7,7724.6,7250.5,6776.4,6302.3,5828.2,5354.1,4880.0,4405.9,3931.8,3457.7,2983.6,2509.5,2294.4,2079.3,1864.2,1649.1,1434.0,1319.6,1205.2,1090.8,976.4,862.0,807.1,752.2,697.3,642.4,587.5,552.1,516.7,481.3,445.9,410.5,390.1,369.7,349.3,328.9,308.5
12,0,55,55,70,7597.8,7219.6,6841.4,6463.2,6085.0,5706.8,5328.6,4950.4,4572.2,4194.0,3815.8,3437.6,3059.4,2681.2,2303.0,2125.2,1947.4,1769.6,1591.8,1414.0,1309.8,1205.6,1101.4,997.2,893.0,838.6,784.2,729.8,675.4,621.0,580.8,540.6,500.4,460.2,420.0,399.0,378.0,357.0,336.0,315.0,9821.6,9307.2,8792.8,8278.4,7764.0,7249.6,6735.2,6220.8,5706.4,5192.0,4677.6,4163.2,3648.8,3134.4,2620.0,2395.8,2171.6,1947.4,1723.2,1499.0,1381.2,1263.4,1145.6,1027.8,910.0,856.4,802.8,749.2,695.6,642.0,602.2,562.4,522.6,482.8,443.0,422.2,401.4,380.6,359.8,339.0
12,0,55,55,120,6922.4,6571.8,6221.2,5870.6,5520.0,5169.4,4818.8,4468.2,4117.6,3767.0,3416.4,3065.8,2715.2,2364.6,2014.0,1852.2,1690.4,1528.6,1366.8,1205.0,1117.6,1030.2,942.8,855.4,768.0,721.8,675.6,629.4,583.2,537.0,504.0,471.0,438.0,405.0,372.0,352.0,332.0,312.0,292.0,272.0,9943.2,9414.4,8885.6,8356.8,7828.0,7299.2,6770.4,6241.6,5712.8,5184.0,4655.2,4126.4,3597.6,3068.8,2540.0,2313.0,2086.0,1859.0,1632.0,1405.0,1290.8,1176.6,1062.4,948.2,834.0,779.0,724.0,669.0,614.0,559.0,526.6,494.2,461.8,429.4,397.0,377.8,358.6,339.4,320.2,301.0
12,0,65,65,70,5748.2,5470.4,5192.6,4914.8,4637.0,4359.2,4081.4,3803.6,3525.8,3248.0,2970.2,2692.4,2414.6,2136.8,1859.0,1726.0,1593.0,1460.0,1327.0,1194.0,1107.8,1021.6,935.4,849.2,763.0,712.6,662.2,611.8,561.4,511.0,482.8,454.6,426.4,398.2,370.0,349.8,329.6,309.4,289.2,269.0,9593.6,9077.2,8560.8,8044.4,7528.0,7011.6,6495.2,5978.8,5462.4,4946.0,4429.6,3913.2,3396.8,2880.4,2364.0,2166.6,1969.2,1771.8,1574.4,1377.0,1264.8,1152.6,1040.4,928.2,816.0,760.8,705.6,650.4,595.2,540.0,509.8,479.6,449.4,419.2,389.0,369.8,350.6,331.4,312.2,293.0
12,0,65,65,120,5337.6,5064.2,4790.8,4517.4,4244.0,3970.6,3697.2,3423.8,3150.4,2877.0,2603.6,2330.2,2056.8,1783.4,1510.0,1397.0,1284.0,1171.0,1058.0,945.0,876.4,807.8,739.2,670.6,602.0,564.2,526.4,488.6,450.8,413.0,382.8,352.6,322.4,292.2,262.0,247.2,232.4,217.6,202.8,188.0,8087.2,7654.4,7221.6,6788.8,6356.0,5923.2,5490.4,5057.6,4624.8,4192.0,3759.2,3326.4,2893.6,2460.8,2028.0,1853.0,1678.0,1503.0,1328.0,1153.0,1059.6,966.2,872.8,779.4,686.0,644.6,603.2,561.8,520.4,479.0,453.0,427.0,401.0,375.0,349.0,329.8,310.6,291.4,272.2,253.0
12,0,70,70,70,6684.4,6350.1,6015.9,5681.6,5347.3,5013.1,4678.8,4344.5,4010.3,3676.0,3341.7,3007.5,2673.2,2338.9,2004.7,1840.3,1675.9,1511.5,1347.1,1182.7,1102.1,1021.5,940.9,860.3,779.7,729.0,678.3,627.7,577.0,526.3,493.5,460.7,427.9,395.1,362.3,341.3,320.2,299.1,278.1,257.0,9273.7,8781.3,8289.0,7796.7,7304.3,6812.0,6319.7,5827.3,5335.0,4842.7,4350.3,3858.0,3365.7,2873.3,2381.0,2173.5,1966.1,1758.6,1551.1,1343.7,1237.9,1132.1,1026.3,920.5,814.7,762.9,711.1,659.3,607.5,555.7,522.1,488.6,455.1,421.5,388.0,367.7,347.5,327.2,306.9,286.7
12,0,70,70,120,6391.7,6063.3,5735.0,5406.7,5078.3,4750.0,4421.7,4093.3,3765.0,3436.7,3108.3,2780.0,2451.7,2123.3,1795.0,1656.7,1518.3,1380.0,1241.7,1103.3,1010.1,916.8,823.5,730.3,637.0,601.3,565.5,529.8,494.1,458.3,429.1,399.9,370.7,341.5,312.3,294.3,276.3,258.3,240.3,222.3,9356.5,8854.3,8352.1,7849.9,7347.7,6845.5,6343.3,5841.1,5338.9,4836.7,4334.5,3832.3,3330.1,2827.9,2325.7,2094.7,1863.8,1632.9,1401.9,1171.0,1086.1,1001.1,916.2,831.3,746.3,696.8,647.3,597.7,548.2,498.7,466.9,435.2,403.5,371.7,340.0,322.2,304.4,286.6,268.8,251.0
16,0,35,35,70,9201.3,8745.6,8289.9,7834.2,7378.5,6922.8,6467.1,6011.4,5555.7,5100.0,4644.3,4188.6,3732.9,3277.2,2821.5,2594.6,2367.7,2140.8,1913.9,1687.0,1565.4,1443.8,1322.2,1200.6,1079.0,1017.2,955.4,893.6,831.8,770.0,720.1,670.2,620.3,570.4,520.5,491.7,462.9,434.1,405.3,376.5,11075.2,10507.9,9940.6,9373.3,8806.0,8238.7,7671.4,7104.1,6536.8,5969.5,5402.2,4834.9,4267.6,3700.3,3133.0,2876.8,2620.6,2364.4,2108.2,1852.0,1716.4,1580.8,1445.2,1309.6,1174.0,1103.2,1032.4,961.6,890.8,820.0,768.8,717.6,666.4,615.2,564.0,532.6,501.2,469.8,438.4,407.0
16,0,35,35,120,7838.6,7451.2,7063.8,6676.4,6289.0,5901.6,5514.2,5126.8,4739.4,4352.0,3964.6,3577.2,3189.8,2802.4,2415.0,2230.6,2046.2,1861.8,1677.4,1493.0,1388.9,1284.8,1180.7,1076.6,972.5,912.4,852.3,792.2,732.1,672.0,629.3,586.6,543.9,501.2,458.5,432.6,406.7,380.8,354.9,329.0,9946.3,9441.6,8936.9,8432.2,7927.5,7422.8,6918.1,6413.4,5908.7,5404.0,4899.3,4394.6,3889.9,3385.2,2880.5,2634.1,2387.7,2141.3,1894.9,1648.5,1525.8,1403.1,1280.4,1157.7,1035.0,970.5,906.0,841.5,777.0,712.5,670.2,627.9,585.6,543.3,501.0,474.3,447.6,420.9,394.2,367.5
16,0,45,45,70,8811.1,8374.2,7937.3,7500.4,7063.5,6626.6,6189.7,5752.8,5315.9,4879.0,4442.1,4005.2,3568.3,3131.4,2694.5,2477.4,2260.3,2043.2,1826.1,1609.0,1487.3,1365.6,1243.9,1122.2,1000.5,942.6,884.7,826.8,768.9,711.0,665.2,619.4,573.6,527.8,482.0,455.5,429.0,402.5,376.0,349.5,10767.7,10209.9,9652.1,9094.3,8536.5,7978.7,7420.9,6863.1,6305.3,5747.5,5189.7,4631.9,4074.1,3516.3,2958.5,2712.4,2466.3,2220.2,1974.1,1728.0,1597.8,1467.6,1337.4,1207.2,1077.0,1012.9,948.8,884.7,820.6,756.5,709.5,662.5,615.5,568.5,521.5,494.2,466.9,439.6,412.3,385.0
16,0,45,45,120,7797.8,7409.1,7020.4,6631.7,6243.0,5854.3,5465.6,5076.9,4688.2,4299.5,3910.8,3522.1,3133.4,2744.7,2356.0,2170.3,1984.6,1798.9,1613.2,1427.5,1324.4,1221.3,1118.2,1015.1,912.0,855.5,799.0,742.5,686.0,629.5,588.5,547.5,506.5,465.5,424.5,401.7,378.9,356.1,333.3,310.5,10239.8,9711.6,9183.4,8655.2,8127.0,7598.8,7070.6,6542.4,6014.2,5486.0,4957.8,4429.6,3901.4,3373.2,2845.0,2598.3,2351.6,2104.9,1858.2,1611.5,1484.2,1356.9,1229.6,1102.3,975.0,912.2,849.4,786.6,723.8,661.0,620.3,579.6,538.9,498.2,457.5,434.1,410.7,387.3,363.9,340.5
16,0,55,55,70,7855.1,7468.2,7081.3,6694.4,6307.5,5920.6,5533.7,5146.8,4759.9,4373.0,3986.1,3599.2,3212.3,2825.4,2438.5,2247.5,2056.5,1865.5,1674.5,1483.5,1373.6,1263.7,1153.8,1043.9,934.0,876.9,819.8,762.7,705.6,648.5,606.3,564.1,521.9,479.7,437.5,411.5,385.5,359.5,333.5,307.5,9997.7,9476.9,8956.1,8435.3,7914.5,7393.7,6872.9,6352.1,5831.3,5310.5,4789.7,4268.9,3748.1,3227.3,2706.5,2480.4,2254.3,2028.2,1802.1,1576.0,1456.4,1336.8,1217.2,1097.6,978.0,920.1,862.2,804.3,746.4,688.5,646.6,604.7,562.8,520.9,479.0,454.1,429.2,404.3,379.4,354.5
16,0,55,55,120,7755.0,7362.0,6969.0,6576.0,6183.0,5790.0,5397.0,5004.0,4611.0,4218.0,3825.0,3432.0,3039.0,2646.0,2253.0,2072.8,1892.6,1712.4,1532.2,1352.0,1252.0,1152.0,1052.0,952.0,852.0,793.9,735.8,677.7,619.6,561.5,521.2,480.9,440.6,400.3,360.0,339.6,319.2,298.8,278.4,258.0,10438.1,9886.2,9334.3,8782.4,8230.5,7678.6,7126.7,6574.8,6022.9,5471.0,4919.1,4367.2,3815.3,3263.4,2711.5,2476.4,2241.3,2006.2,1771.1,1536.0,1411.6,1287.2,1162.8,1038.4,914.0,853.9,793.8,733.7,673.6,613.5,575.2,536.9,498.6,460.3,422.0,400.5,379.0,357.5,336.0,314.5
16,0,65,65,70,7764.7,7377.8,6990.9,6603.9,6217.0,5830.1,5443.1,5056.2,4669.3,4282.3,3895.4,3508.5,3121.5,2734.6,2347.7,2161.8,1975.9,1790.1,1604.2,1418.3,1313.5,1208.7,1103.9,999.1,894.3,840.6,786.9,733.1,679.4,625.7,584.4,543.1,501.9,460.6,419.3,394.5,369.6,344.7,319.9,295.0,10054.7,9528.1,9001.5,8474.9,7948.3,7421.7,6895.1,6368.5,5841.9,5315.3,4788.7,4262.1,3735.5,3208.9,2682.3,2452.7,2223.1,1993.5,1763.9,1534.3,1416.4,1298.5,1180.5,1062.6,944.7,886.3,828.0,769.7,711.3,653.0,613.9,574.7,535.6,496.5,457.3,433.0,408.7,384.3,360.0,335.7
16,0,65,65,120,7622.3,7231.7,6841.0,6450.3,6059.7,5669.0,5278.3,4887.7,4497.0,4106.3,3715.7,3325.0,2934.3,2543.7,2153.0,1977.9,1802.9,1627.8,1452.7,1277.7,1183.1,1088.6,994.1,899.5,805.0,745.5,685.9,626.4,566.9,507.3,468.7,430.1,391.5,352.9,314.3,294.1,273.8,253.5,233.3,213.0,10290.7,9744.5,9198.2,8651.9,8105.7,7559.4,7013.1,6466.9,5920.6,5374.3,4828.1,4281.8,3735.5,3189.3,2643.0,2407.6,2172.2,1936.8,1701.4,1466.0,1348.0,1230.0,1112.0,994.0,876.0,817.2,758.4,699.6,640.8,582.0,545.8,509.6,473.4,437.2,401.0,379.3,357.5,335.8,314.1,292.3
16,0,70,70,70,8396.1,7967.8,7539.5,7111.3,6683.0,6254.7,5826.5,5398.2,4969.9,4541.7,4113.4,3685.1,3256.9,2828.6,2400.3,2205.6,2010.9,1816.1,1621.4,1426.7,1319.7,1212.7,1105.7,998.7,891.7,837.2,782.7,728.3,673.8,619.3,578.2,537.1,495.9,454.8,413.7,389.9,366.2,342.5,318.7,295.0,10792.5,10220.3,9648.1,9075.9,8503.7,7931.5,7359.3,6787.1,6214.9,5642.7,5070.5,4498.3,3926.1,3353.9,2781.7,2542.9,2304.1,2065.3,1826.5,1587.7,1460.4,1333.1,1205.9,1078.6,951.3,889.7,828.0,766.3,704.7,643.0,602.9,562.9,522.8,482.7,442.7,419.0,395.3,371.7,348.0,324.3
16,0,70,70,120,7905.9,7496.7,7087.6,6678.5,6269.3,5860.2,5451.1,5041.9,4632.8,4223.7,3814.5,3405.4,2996.3,2587.1,2178.0,1996.5,1814.9,1633.4,1451.9,1270.3,1174.5,1078.6,982.7,886.9,791.0,734.5,678.1,621.6,565.1,508.7,471.1,433.5,395.9,358.3,320.7,298.9,277.2,255.5,233.7,212.0,10711.3,10139.5,9567.8,8996.1,8424.3,7852.6,7280.9,6709.1,6137.4,5565.7,4993.9,4422.2,3850.5,3278.7,2707.0,2462.2,2217.4,1972.6,1727.8,1483.0,1361.6,1240.2,1118.8,997.4,876.0,815.6,755.2,694.8,634.4,574.0,537.4,500.8,464.2,427.6,391.0,368.9,346.9,324.8,302.7,280.7
